Timestamp,CO (ppm),CO2 (ppm),Ethanol (ppm),NH4 (ppm),Tolueno (ppm),Acetone (ppm),Temperatura (°C),Humedad (%)
2025-04-10 11:19:04,0.9862522,406.7788,199.1811,97.83772,43.7544,316.9742,31,52
2025-04-10 11:19:06,0.983742,406.7921,195.3197,96.25967,43.24771,318.445,31,51
2025-04-10 11:19:09,1.015542,407.5552,198.7159,97.31224,43.86917,320.2485,31,51
2025-04-10 11:19:12,0.9794342,413.1757,197.5908,98.22495,44.479,314.8994,31,51
2025-04-10 11:19:15,0.9862623,413.7459,197.4394,95.24586,44.42746,316.299,31,51
2025-04-10 11:19:18,1.047786,407.5428,195.7319,96.01451,43.15956,324.3325,31,51
2025-04-10 11:19:20,0.991733,410.6483,199.5811,96.49448,43.45514,318.981,31,51
2025-04-10 11:19:23,1.021814,407.88,197.3848,95.96206,43.60887,320.3203,31,51
2025-04-10 11:19:26,0.9904152,419.0256,203.2567,97.1517,43.35125,321.3306,31,51
2025-04-10 11:19:29,0.9865502,408.3469,196.5924,97.91246,43.50489,326.1511,31,52
2025-04-10 11:19:31,0.9945481,405.2838,198.3646,98.25436,43.06211,327.027,31,52
2025-04-10 11:19:34,0.9921541,402.602,197.0641,96.02435,44.0725,320.2837,31,52
2025-04-10 11:19:37,0.9906989,397.6799,200.6766,97.41575,44.54002,319.9984,30,52
2025-04-10 11:19:40,1.024929,405.2301,198.6851,96.2528,43.91416,324.6302,30,52
2025-04-10 11:19:42,1.0027,412.4862,193.9225,96.91456,42.82782,320.3474,30,52
2025-04-10 11:19:45,1.004257,407.9659,198.9365,97.40528,44.01902,322.4354,30,52
2025-04-10 11:19:48,1.010903,406.1321,195.9803,96.99384,44.17577,321.701,30,52
2025-04-10 11:19:55,0.98623,398.8537,195.3437,96.44253,43.32998,313.0781,30,52
2025-04-10 11:19:58,1.005714,407.5804,198.5226,96.6785,44.17691,320.2502,31,52
2025-04-10 11:20:00,0.9826402,411.8044,202.1322,96.91321,43.32084,327.6927,30,52
2025-04-10 11:20:03,0.9961969,405.3306,197.4088,96.66469,43.20803,320.631,31,52
2025-04-10 11:20:06,1.004064,405.8994,197.6591,95.12928,43.1223,313.4166,30,52
2025-04-10 11:20:52,0.993937,404.2559,196.0182,95.50915,43.43095,317.1451,30,49
2025-04-10 11:20:55,1.012157,398.0929,197.4529,96.61255,43.77899,322.7087,30,53
2025-04-10 11:20:58,0.9656256,419.5649,199.4345,96.45933,44.01021,322.2672,30,53
2025-04-10 11:21:01,1.00007,408.26,209.4895,97.80518,43.44775,319.232,31,53
2025-04-10 11:21:03,0.9874157,406.87,198.0645,96.98239,42.94323,325.2582,31,53
2025-04-10 11:21:06,0.9987419,418.129,195.9552,97.44781,43.77732,318.5891,31,53
2025-04-10 11:21:09,1.016309,408.9882,197.6701,97.05975,44.01323,326.1115,31,53
2025-04-10 11:21:12,0.9883594,404.3431,198.4657,96.4705,44.30381,323.637,31,53
2025-04-10 11:21:14,0.9541017,405.0551,196.8964,97.30032,43.67532,320.9638,31,53
2025-04-10 11:21:17,0.9911516,406.8541,198.0639,96.9855,44.20381,307.2695,31,53
2025-04-10 11:21:20,1.016893,408.2923,199.0644,96.83208,43.34929,320.2979,31,54
2025-04-10 11:21:23,0.9946733,407.9644,196.2036,96.74382,43.71894,311.8262,31,54
2025-04-10 11:21:26,1.013275,402.0945,196.6517,97.45884,43.52002,322.0248,31,54
2025-04-10 11:21:28,0.9999953,405.7362,198.4664,97.45051,43.58582,321.6721,31,54
2025-04-10 11:21:31,1.001362,408.3065,200.0867,96.83286,43.44047,320.6116,31,54
2025-04-10 11:21:34,1.002657,407.9435,194.6108,96.35661,43.91941,309.2538,31,54
2025-04-10 11:21:37,0.9999866,412.7124,196.148,96.35466,42.88924,331.025,31,54
2025-04-10 11:21:39,1.005765,410.2844,198.7077,99.41367,44.17442,321.0138,31,54
2025-04-10 11:21:42,0.9876293,409.5056,196.9789,97.17989,43.81525,331.0426,31,54
2025-04-10 11:21:45,1.022801,413.8759,197.6352,97.67078,43.35514,321.0045,31,55
2025-04-10 11:21:48,1.00974,397.5005,195.7248,97.08047,43.45384,317.6889,31,54
2025-04-10 11:21:50,0.984845,402.1369,202.4181,97.25937,44.4364,325.5789,31,54
2025-04-10 11:21:53,1.01434,407.5715,198.0628,98.12201,44.14961,320.6366,31,55
2025-04-10 11:21:56,0.9915463,404.0549,200.1734,97.7644,43.70928,317.2838,31,54
2025-04-10 11:21:59,0.993117,412.6735,199.1452,97.41791,44.54924,323.295,31,55
2025-04-10 11:22:02,0.9553129,409.5181,201.7473,94.9698,45.33279,323.6294,31,55
2025-04-10 11:22:04,0.9862311,407.185,198.0941,96.83237,44.43296,321.7404,31,55
2025-04-10 11:22:07,0.9905876,408.3371,198.7001,98.34158,43.60637,319.9033,31,54
2025-04-10 11:22:10,0.9917984,409.4977,199.9824,97.32646,44.1769,319.5266,31,55
2025-04-10 11:22:13,0.9986107,399.2874,199.1334,96.25052,43.91955,322.1161,31,55
2025-04-10 11:22:15,0.9999904,406.7871,200.4709,96.83086,43.24066,326.3119,31,55
2025-04-10 11:22:18,0.9872008,407.0813,197.6133,96.57789,43.18549,323.6696,31,54
2025-04-10 11:22:21,1.02967,404.8491,197.8495,96.00357,43.5041,320.2748,31,54
2025-04-10 11:22:24,1.014519,409.9575,197.1651,94.51402,44.02185,321.7711,31,55
2025-04-10 11:22:26,0.973914,409.9065,206.1207,96.33844,44.02951,320.2589,31,54
2025-04-10 11:22:29,0.9917813,411.4296,201.5059,97.73614,42.48364,308.6384,31,55
2025-04-10 11:22:32,1.014306,418.3635,196.1107,96.91827,43.2833,319.8835,31,55
2025-04-10 11:22:35,0.9851083,399.1302,201.0711,96.58604,43.71323,323.1798,31,55
2025-04-10 11:22:38,0.9931529,407.5646,200.6566,98.91502,44.75636,310.3139,31,55
2025-04-10 11:22:40,1.01694,408.3524,198.0628,99.29124,44.33857,321.0729,31,55
2025-04-10 11:22:43,0.9891926,412.3297,197.1934,96.66488,43.5733,319.2187,31,54
2025-04-10 11:22:46,0.9945106,407.1895,196.3221,96.91459,43.34591,322.1133,31,54
2025-04-10 11:22:49,0.9877932,405.6358,197.6428,97.49126,43.8157,325.0263,31,54
2025-04-10 11:22:51,1.001437,407.9524,197.6293,98.425,43.97028,324.3713,31,54
2025-04-10 11:22:54,0.9390738,406.7893,199.8105,95.99352,43.97195,320.2589,31,54
2025-04-10 11:22:57,1.015358,400.6482,203.9959,97.59821,43.91824,319.8835,31,54
2025-04-10 11:23:00,0.9874333,416.5869,198.4974,96.99916,44.29639,319.5106,31,54
2025-04-10 11:23:02,1.000021,406.3786,195.902,97.9493,43.13429,321.0208,31,54
2025-04-10 11:23:05,1.038719,407.1704,198.7211,97.25419,43.50061,321.0161,31,54
2025-04-10 11:23:08,0.9816429,406.3948,197.4063,97.94125,44.34504,322.5255,31,54
2025-04-10 11:23:11,1.004193,401.6342,199.6142,96.91792,43.55192,317.283,31,54
2025-04-10 11:23:14,1.00423,404.0218,196.9897,97.08572,43.60357,321.5013,31,54
2025-04-10 11:23:16,1.002852,410.7248,197.6175,96.41182,45.04797,321.7702,31,54
2025-04-10 11:23:19,0.9702311,409.1372,210.3483,93.81875,43.91824,321.3769,31,55
2025-04-10 11:23:22,0.9974326,409.149,197.8429,96.81872,43.45416,319.8865,31,54
2025-04-10 11:23:25,0.9902654,402.4481,200.2527,96.83237,44.44743,321.3966,31,54
2025-04-10 11:23:27,1.007015,410.3415,202.8068,96.32933,44.18203,320.9887,31,54
2025-04-10 11:23:30,1.018422,411.5238,196.981,97.42223,44.92506,321.8844,31,55
2025-04-10 11:23:33,0.9915637,407.5701,202.0208,95.73991,43.97137,318.7612,31,55
2025-04-10 11:23:36,1.015897,406.7876,200.0383,96.4966,43.91977,316.5554,31,55
2025-04-10 11:23:38,1.002828,407.5629,200.0475,97.16608,42.17603,322.5165,31,55
2025-04-10 11:23:41,1.020025,409.5204,196.3461,96.8315,43.81453,315.0609,31,55
2025-04-10 11:23:44,1.004159,404.4627,197.4144,95.91589,43.91975,322.137,32,55
2025-04-10 11:23:47,1.004252,406.0163,198.4955,92.45218,43.65945,322.5077,32,55
2025-04-10 11:23:50,0.9944746,412.2836,194.7944,97.7529,44.28397,320.6325,31,55
2025-04-10 11:23:52,0.9903382,406.0326,197.6262,96.75184,43.76718,322.8887,31,55
2025-04-10 11:23:55,1.013,403.6951,196.1614,96.6657,43.97086,319.1546,31,55
2025-04-10 11:23:58,0.9970829,407.5616,198.076,96.00268,43.81262,319.1345,32,55
2025-04-10 11:24:01,1.006965,412.3451,196.1431,96.00446,43.7649,321.7498,32,55
2025-04-10 11:24:03,1.004183,407.173,199.5853,96.83418,44.22923,316.5673,32,55
2025-04-10 11:24:06,0.9860016,406.4049,196.7651,98.32713,43.60887,321.3932,32,55
2025-04-10 11:24:09,1.002747,399.6414,196.7832,96.83205,43.55586,326.3377,32,55
2025-04-10 11:24:12,1.002779,405.2314,195.5034,97.24814,43.40496,314.3026,32,55
2025-04-10 11:24:15,1.011109,409.9176,196.9939,95.84264,43.9166,321.3834,32,55
2025-04-10 11:24:17,0.998639,407.179,196.5777,97.33021,43.91862,329.7018,32,55
2025-04-10 11:24:20,1.005597,404.1887,194.0744,97.24691,43.97119,320.6209,32,55
2025-04-10 11:24:23,0.9972511,407.9622,198.9178,96.2497,44.07853,325.5526,32,55
2025-04-10 11:24:26,0.9875713,405.6352,197.8462,95.67361,43.81358,318.0544,32,55
2025-04-10 11:24:28,0.9833294,405.2366,198.4901,97.08035,43.81514,319.1544,32,55
2025-04-10 11:24:31,1.004145,406.4109,197.6332,96.24605,43.71024,316.5229,32,55
2025-04-10 11:24:34,1.01087,406.7904,198.0582,96.83411,44.28222,322.8132,32,55
2025-04-10 11:24:37,0.9944351,400.625,194.9243,96.9848,43.76328,319.8896,32,55
2025-04-10 11:24:39,0.9944889,407.187,191.7931,97.25632,43.56134,320.263,32,55
2025-04-10 11:24:42,1.01982,406.0224,198.9263,97.2436,43.19762,323.9112,32,55
2025-04-10 11:24:45,1.014021,405.6365,198.2769,97.74937,44.01884,319.5269,32,55
2025-04-10 11:24:48,0.99588,409.1129,200.4358,97.08131,44.0725,319.9093,32,55
2025-04-10 11:24:51,0.9904303,409.1027,198.278,96.41561,43.71241,322.9303,32,55
2025-04-10 11:24:53,0.998639,413.7644,200.7353,98.809,43.71231,321.0089,32,54
2025-04-10 11:24:56,0.9863893,408.7154,199.1383,97.74331,44.17493,320.2603,32,55
2025-04-10 11:24:59,0.9890498,402.205,200.4401,96.66781,43.71334,315.8689,32,55
2025-04-10 11:25:02,1.000015,404.1188,198.7871,96.33636,44.18406,322.4775,32,55
2025-04-10 11:25:04,0.9876451,407.5756,198.5196,96.25636,44.0742,319.8984,32,55
2025-04-10 11:25:07,0.9930838,408.342,197.6301,97.99319,43.81627,319.1543,32,55
2025-04-10 11:25:10,1.0055,406.4065,196.7836,96.33133,44.28229,320.2576,32,55
2025-04-10 11:25:13,0.9958721,407.5728,198.0951,97.24395,43.86528,321.0421,32,55
2025-04-10 11:25:15,0.984549,410.7001,195.3013,97.23424,43.96973,317.3006,32,54
2025-04-10 11:25:18,0.9707685,407.1829,197.8505,97.08128,43.55855,318.3523,32,55
2025-04-10 11:25:21,0.9903461,401.9211,198.0735,95.12852,43.7127,320.6292,32,55
2025-04-10 11:25:24,1.001395,409.5091,196.7828,97.33288,43.71231,322.1302,32,55
2025-04-10 11:25:27,0.9848835,402.1241,196.7826,96.91486,44.37196,324.7257,32,55
2025-04-10 11:25:29,1.008298,412.4106,199.7812,93.72633,43.1539,320.9624,32,54
2025-04-10 11:25:32,0.987665,407.9652,199.9949,98.1746,43.30618,319.8823,32,54
2025-04-10 11:25:35,0.9796594,408.9217,196.3686,96.58958,44.17345,316.2255,32,54
2025-04-10 11:25:38,1.01956,410.2747,199.3399,95.0922,43.81609,320.6292,32,54
2025-04-10 11:25:40,0.9985799,407.1912,198.4895,96.25684,42.86081,321.7173,32,54
2025-04-10 11:25:43,0.9877026,403.6591,198.7079,97.07996,43.10872,321.7347,32,54
2025-04-10 11:25:46,1.012292,408.7402,199.1232,96.99878,43.03862,322.8855,32,54
2025-04-10 11:25:49,0.99861,410.688,201.5771,97.74984,43.91788,314.2915,32,54
2025-04-10 11:25:52,1.001377,407.5853,197.2466,97.98941,43.97125,319.8957,32,54
2025-04-10 11:25:54,1.008068,407.57,198.4844,94.82948,43.65962,316.9501,32,54
2025-04-10 11:25:57,0.9972515,412.6144,202.6768,96.60728,43.81715,323.6,32,54
2025-04-10 11:26:00,0.9836837,407.1871,199.3793,96.91549,44.12532,315.4641,32,54
2025-04-10 11:26:03,0.990285,409.118,195.812,95.93916,43.6104,316.2259,32,54
2025-04-10 11:26:05,0.9931628,411.0778,201.9798,96.17395,44.44233,313.0893,32,54
2025-04-10 11:26:08,1.001349,413.0361,196.5802,96.9156,43.76328,316.617,32,54
2025-04-10 11:26:11,1.005586,409.8883,195.1671,96.58348,43.20552,319.8791,32,54
2025-04-10 11:26:14,0.9721776,407.9564,198.2674,95.84997,44.49554,316.9055,32,54
2025-04-10 11:26:16,0.9918566,406.4176,196.7968,97.32988,43.11105,318.0513,32,54
2025-04-10 11:26:19,1.004126,406.4185,200.1047,96.8271,43.76302,319.9579,32,54
2025-04-10 11:26:22,0.9834495,412.1486,195.3919,96.01392,43.91863,320.9953,32,54
2025-04-10 11:26:25,0.9972507,414.9951,200.8332,97.07796,44.38457,320.6216,33,54
2025-04-10 11:26:28,0.9917802,417.2682,206.5205,96.34035,43.45821,323.4604,32,54
2025-04-10 11:26:30,0.9999911,407.5714,199.9997,96.50662,44.33176,325.0443,33,54
2025-04-10 11:26:33,1.002772,407.573,198.282,97.41414,43.91863,319.5211,33,54
2025-04-10 11:26:36,0.9986165,411.8976,195.0615,97.00038,44.07307,317.6948,33,54
2025-04-10 11:26:39,0.9999568,408.7553,200.3812,97.41055,43.56159,323.2163,33,54
2025-04-10 11:26:41,1.004171,406.3894,196.9808,97.32671,43.81471,322.4769,33,54
2025-04-10 11:26:44,0.9995937,411.7379,202.7605,98.17387,43.86712,322.484,33,53
2025-04-10 11:26:47,1.00001,411.0967,196.9958,96.02892,44.22661,321.4292,33,53
2025-04-10 11:26:50,1.002822,408.3364,198.0694,96.33894,43.71337,321.3779,33,53
2025-04-10 11:26:52,0.9862968,401.6871,195.754,97.90804,45.35535,322.8575,33,53
2025-04-10 11:26:55,0.9986413,407.5876,197.4387,97.4102,43.76348,321.761,33,53
2025-04-10 11:26:58,1.001413,407.1782,199.9909,95.59226,44.43552,312.2817,33,53
2025-04-10 11:27:01,1.006887,403.3131,197.0015,96.25709,43.61032,319.8938,33,53
2025-04-10 11:27:04,1.002692,407.9151,199.9818,96.17495,45.18277,315.1419,33,53
2025-04-10 11:27:06,1.002489,404.6073,196.7971,96.42191,43.65081,321.3705,33,53
2025-04-10 11:27:09,0.9877112,404.8969,196.1457,97.0792,44.33238,320.6231,33,53
2025-04-10 11:27:12,0.9943365,409.1088,199.772,96.09145,44.12367,321.3531,33,53
2025-04-10 11:27:15,0.9605591,405.9668,197.6752,96.42421,45.13049,321.3685,33,53
2025-04-10 11:27:17,0.9877247,411.05,201.0666,97.07779,44.02167,324.7011,33,53
2025-04-10 11:27:20,0.9839624,414.1712,198.921,96.91533,43.45054,317.3127,33,53
2025-04-10 11:27:23,1.010748,406.7881,200.6276,97.32735,43.91701,318.0008,33,53
2025-04-10 11:27:26,0.9726416,403.7415,197.0094,96.25454,43.86657,316.959,33,53
2025-04-10 11:27:28,1.000029,407.1754,199.5591,96.6677,44.43331,319.1623,33,53
2025-04-10 11:27:31,1.004132,410.6759,188.7851,97.16092,43.50966,310.0683,33,53
2025-04-10 11:27:34,0.9891258,408.3299,199.9821,96.8355,43.30737,321.3698,33,53
2025-04-10 11:27:37,1.00689,411.8848,197.8477,96.83558,43.76247,317.6759,33,53
2025-04-10 11:27:40,1.004443,408.7232,200.4307,95.83928,44.02119,318.7899,33,53
2025-04-10 11:27:42,0.9942501,410.2705,201.3181,97.41807,44.17647,325.6431,33,53
2025-04-10 11:27:45,1.036105,407.578,196.7976,96.58624,43.40848,323.5787,33,53
2025-04-10 11:27:48,0.9810186,406.0385,196.2148,96.83237,44.42651,317.6998,33,53
2025-04-10 11:27:51,1.026169,409.084,198.4868,96.34158,43.7653,318.4392,33,53
2025-04-10 11:27:53,0.9769308,413.4446,197.8531,96.42378,43.81611,309.0751,33,53
2025-04-10 11:27:56,0.982229,406.0488,195.7249,97.48848,42.0949,322.0963,33,53
2025-04-10 11:27:59,1.002755,409.1126,198.5222,96.9968,43.46119,320.2693,33,53
2025-04-10 11:28:02,0.9824949,404.5316,198.4852,97.57558,43.25473,321.3449,33,53
2025-04-10 11:28:04,0.9862829,407.9576,198.9153,96.25654,44.17575,313.7034,33,53
2025-04-10 11:28:07,0.9931397,409.1146,195.1029,96.99227,43.56047,323.5886,33,53
2025-04-10 11:28:10,0.9945197,404.4181,198.7055,97.59054,44.02077,316.9797,33,53
2025-04-10 11:28:13,1.021024,409.5002,198.0582,97.73084,43.86676,317.3363,33,53
2025-04-10 11:28:16,0.9877064,405.7449,197.6402,96.25578,44.17677,323.6709,33,53
2025-04-10 11:28:18,1.012458,409.1631,199.1488,96.66294,44.49364,318.0238,33,53
2025-04-10 11:28:21,0.9694854,407.9579,198.7189,95.66337,42.84259,320.6302,33,53
2025-04-10 11:28:24,0.9958318,403.7097,196.7832,96.66505,43.19646,318.7186,33,53
2025-04-10 11:28:27,0.9862315,405.2376,197.2126,96.17125,43.81546,321.74,33,53
2025-04-10 11:28:29,0.9986561,406.0234,198.2874,97.82822,44.28996,320.2446,33,53
2025-04-10 11:28:32,1.011129,404.1047,197.9469,98.39055,43.76108,319.1646,33,53
2025-04-10 11:28:35,1.00115,404.8912,198.4933,95.31171,43.97073,318.4241,33,53
2025-04-10 11:28:38,0.9931548,408.3587,199.335,96.58436,42.14999,317.3459,33,53
2025-04-10 11:28:41,1.000025,405.2621,199.5472,96.34146,43.97073,323.9862,33,53
2025-04-10 11:28:43,1.031078,412.6607,201.9085,97.67626,43.61111,322.8437,33,53
2025-04-10 11:28:46,0.9999901,409.8513,198.6988,96.49625,44.59178,319.4805,33,53
2025-04-10 11:28:49,0.998735,402.8875,197.1917,96.83511,43.60379,321.0098,33,53
2025-04-10 11:28:52,1.011323,406.8411,199.3253,97.08349,44.12771,320.2494,33,53
2025-04-10 11:28:54,0.998623,406.4157,197.4148,98.01179,44.22289,317.3898,33,53
2025-04-10 11:28:57,0.9972305,404.8947,199.8511,97.34583,43.55765,323.618,33,53
2025-04-10 11:29:00,1.008195,415.0924,203.1204,97.2467,43.5058,321.747,33,53
2025-04-10 11:29:03,1.00699,401.268,198.2753,97.33618,43.35074,316.9322,33,53
2025-04-10 11:29:06,1.022755,407.1822,198.7225,95.91864,43.96986,319.5141,33,53
2025-04-10 11:29:08,0.9986063,408.3635,200.0369,95.45843,44.28865,316.4529,33,53
2025-04-10 11:29:11,0.9735689,405.6119,197.203,97.33827,43.91898,319.4914,33,53
2025-04-10 11:29:14,0.9944852,409.5314,199.8003,97.33557,43.44621,323.2566,33,53
2025-04-10 11:29:17,1.011124,411.6183,196.3431,96.83356,43.71483,317.0514,33,53
2025-04-10 11:29:19,0.9958766,411.0984,196.5651,96.99738,43.86655,322.876,33,53
2025-04-10 11:29:22,0.9847561,407.9637,198.2686,98.00372,43.91974,321.3869,33,53
2025-04-10 11:29:25,0.9822821,410.6651,195.9466,96.7495,43.81646,320.2588,33,53
2025-04-10 11:29:28,1.008324,409.8701,197.2067,96.66887,43.5586,320.9445,33,53
2025-04-10 11:29:31,1.0041,407.9705,200.0293,96.83266,43.50534,318.7883,33,53
2025-04-10 11:29:33,1.006905,404.5347,197.8374,96.08585,43.71308,326.5479,33,53
2025-04-10 11:29:36,1.00267,409.8997,196.3557,96.50222,44.1775,319.1488,33,53
2025-04-10 11:29:39,0.9917526,407.9687,198.9133,96.66447,42.96051,314.7686,33,53
2025-04-10 11:29:42,1.011067,409.1263,199.5512,97.16017,43.25099,319.1561,33,53
2025-04-10 11:29:45,1.015217,405.6528,197.0006,97.00004,43.25734,322.0981,33,53
2025-04-10 11:29:47,0.9890679,411.88,194.8591,97.92329,43.30722,319.1059,33,53
2025-04-10 11:29:50,1.013867,410.6693,197.213,96.5853,43.61045,321.748,33,53
2025-04-10 11:29:53,1.011063,409.8761,196.7889,96.5851,44.22844,319.1696,33,53
2025-04-10 11:29:56,0.997234,404.5073,196.3577,96.91506,44.38324,319.1522,33,53
2025-04-10 11:29:59,0.9903763,398.3947,196.765,96.58526,44.81036,320.9997,33,53
2025-04-10 11:30:01,0.9725872,409.1101,198.2733,97.91106,44.39273,319.156,33,53
2025-04-10 11:30:04,1.009714,405.6447,198.5004,96.75092,43.76479,319.1253,33,52
2025-04-10 11:30:07,1.002611,407.1817,201.752,96.74673,42.38176,319.531,33,52
2025-04-10 11:30:10,0.9835239,408.7218,197.4221,96.751,43.81301,319.8677,33,52
2025-04-10 11:30:13,0.9903382,408.7319,196.7445,96.17046,44.2297,314.7016,33,52
2025-04-10 11:30:15,0.9876898,406.4001,199.1412,96.43498,43.81512,312.2466,33,52
2025-04-10 11:30:18,0.9988426,406.407,198.507,96.7489,44.85162,324.4151,33,52
2025-04-10 11:30:21,0.9849468,405.6437,199.5509,96.33823,43.30261,320.6144,33,52
2025-04-10 11:30:24,0.9959032,406.4083,197.6155,96.66726,43.45067,321.7258,33,52
2025-04-10 11:30:27,1.005541,409.8885,198.6978,99.47201,44.70065,318.7899,34,52
2025-04-10 11:30:29,0.9959098,413.7771,200.1981,96.25938,43.56121,318.4356,34,52
2025-04-10 11:30:32,0.9917594,409.4991,197.8575,98.24342,44.23074,320.2656,34,52
2025-04-10 11:30:35,1.001396,409.5087,196.365,97.25156,43.55804,323.9642,34,52
2025-04-10 11:30:38,1.002702,404.1052,200.6208,96.58496,43.81549,320.2068,33,52
2025-04-10 11:30:40,1.004043,400.6117,198.6985,96.58549,44.43409,316.6019,34,52
2025-04-10 11:30:43,0.9944727,409.8758,194.0524,96.8233,43.65442,321.3562,34,52
2025-04-10 11:30:46,1.011068,412.6169,200.2042,97.24536,43.65957,320.616,34,52
2025-04-10 11:30:49,1.00551,408.3344,199.7698,96.50222,43.97039,316.6183,34,52
2025-04-10 11:30:52,1.009739,409.9005,198.9192,97.66271,44.1805,320.6209,34,52
2025-04-10 11:30:54,1.028493,410.3228,197.4146,96.91546,43.76391,317.3161,34,52
2025-04-10 11:30:57,1.006966,413.1185,200.1817,96.17149,43.86686,319.536,34,52
2025-04-10 11:31:00,0.993092,401.7271,199.3555,97.58172,43.71101,320.2562,34,52
2025-04-10 11:31:03,0.9890083,407.581,197.421,97.16368,43.92029,326.6884,34,52
2025-04-10 11:31:06,1.015412,402.4636,197.4233,96.66927,44.02229,319.1568,34,52
2025-04-10 11:31:08,1.020714,411.4846,197.4178,94.78355,44.38735,323.9337,34,52
2025-04-10 11:31:11,0.9944378,409.1279,197.4131,97.16004,44.02172,322.1302,34,52
2025-04-10 11:31:14,1.004136,408.3575,199.1202,97.49638,44.33615,320.2628,34,52
2025-04-10 11:31:17,1.018424,407.8696,199.3501,96.16865,43.81557,319.5219,34,52
2025-04-10 11:31:20,1.006998,407.5601,195.8905,96.41708,44.12876,315.0375,34,52
2025-04-10 11:31:22,1.006977,406.0112,199.3593,93.89635,43.91771,321.3763,34,52
2025-04-10 11:31:25,1.006981,407.176,195.5162,96.74861,43.87081,325.8799,34,52
2025-04-10 11:31:28,1.000031,405.6295,197.6339,96.41915,44.28241,322.0689,34,52
2025-04-10 11:31:31,1.012508,409.5366,199.4733,95.24626,44.54251,322.1213,34,51
2025-04-10 11:31:34,0.9999804,407.1808,200.2086,97.07846,44.49159,321.7477,34,51
2025-04-10 11:31:36,0.9931511,404.8967,197.8504,97.48875,44.02237,320.9963,34,51
2025-04-10 11:31:39,1.001834,403.3615,197.2186,97.90742,43.86827,314.4248,34,51
2025-04-10 11:31:42,0.9972443,412.2428,200.2077,98.56099,44.13151,312.949,34,51
2025-04-10 11:31:45,0.9990363,403.6836,199.5658,97.42203,43.61113,314.0716,34,51
2025-04-10 11:31:48,0.9999205,407.1798,196.9937,96.089,44.0321,324.7607,34,51
2025-04-10 11:31:50,1.000005,403.649,198.2774,96.73789,44.2307,316.1766,34,51
2025-04-10 11:31:53,0.9985918,404.8159,196.1161,97.59949,43.91898,319.8947,34,51
2025-04-10 11:31:56,0.9833952,409.5713,199.1646,97.59265,44.02452,322.8888,34,51
2025-04-10 11:31:59,1.000035,411.864,197.6327,97.0824,43.96944,317.2923,34,51
2025-04-10 11:32:01,0.991705,414.926,199.1373,96.91868,43.66046,324.7984,34,51
2025-04-10 11:32:04,0.9876048,409.9071,200.0058,95.69108,44.07673,319.5251,34,51
2025-04-10 11:32:07,0.987624,407.9581,197.6303,96.8327,43.0063,320.2099,34,51
2025-04-10 11:32:10,1.005521,405.2473,199.7739,97.8126,44.02196,320.6341,34,51
2025-04-10 11:32:13,0.9872718,413.4818,195.9176,96.16773,43.97404,321.3883,34,51
2025-04-10 11:32:15,0.9945228,406.7852,197.641,96.92509,43.96957,324.3511,34,51
2025-04-10 11:32:18,1.013994,408.3049,194.8542,97.41914,43.60263,319.511,34,51
2025-04-10 11:32:21,1.001372,413.2173,196.9921,96.16867,43.3471,328.929,34,51
2025-04-10 11:32:24,0.9958223,413.094,195.7212,97.16736,43.9706,320.2386,34,51
2025-04-10 11:32:27,0.9916781,413.5467,197.6167,96.09338,43.86665,315.1585,34,51
2025-04-10 11:32:29,1.028029,408.3682,195.6881,96.74999,43.81463,322.1334,34,51
2025-04-10 11:32:32,1.011186,409.9142,197.6374,96.4134,43.91883,319.2034,34,51
2025-04-10 11:32:35,1.00001,410.6836,195.9261,97.07825,44.33504,320.2629,34,51
2025-04-10 11:32:38,0.9958063,408.7243,196.9881,96.16875,43.44957,319.1251,34,51
2025-04-10 11:32:41,1.004178,405.6362,197.6313,97.66486,43.29613,318.4138,34,51
2025-04-10 11:32:43,1.008379,407.9494,198.0597,96.6663,44.12643,321.3658,34,51
2025-04-10 11:32:46,0.9876071,398.6339,199.9975,96.41548,44.23174,318.014,34,51
2025-04-10 11:32:49,1.007054,407.5798,199.5684,97.8336,43.71297,320.9945,34,51
2025-04-10 11:32:52,1.006898,407.1857,198.7053,95.2064,44.12653,321.4102,34,51
2025-04-10 11:32:55,0.9960028,407.9442,197.6324,98.16814,43.61018,321.0034,34,51
2025-04-10 11:32:57,1.001424,406.0153,198.4788,97.56551,44.9505,320.2525,34,51
2025-04-10 11:33:00,1.02863,408.3493,200.2226,98.71136,44.17791,318.7953,34,51
2025-04-10 11:33:03,0.9959024,400.0758,198.2748,97.40959,44.28277,318.7938,34,51
2025-04-10 11:33:06,0.9863531,404.9208,192.5442,98.01675,44.22561,321.7386,34,51
2025-04-10 11:33:09,1.00272,405.2569,203.857,97.00017,44.85943,325.082,34,51
2025-04-10 11:33:11,0.9986443,411.8277,199.121,96.91666,43.45782,321.3665,34,51
2025-04-10 11:33:14,1.002752,406.7926,198.7049,96.58871,43.56035,323.2229,34,51
2025-04-10 11:33:17,0.9998625,413.8544,197.8507,96.02293,44.22831,320.6239,34,51
2025-04-10 11:33:20,0.997229,413.8238,200.2023,97.32816,44.07085,324.3426,34,51
2025-04-10 11:33:22,1.009693,414.6043,196.3578,94.81889,44.07289,320.6333,34,51
2025-04-10 11:33:25,1.002782,405.263,198.4875,96.50203,44.12491,323.625,34,51
2025-04-10 11:33:28,0.9889142,407.9331,195.8965,96.1671,43.65802,324.0076,34,51
2025-04-10 11:33:31,0.9876375,407.987,198.4996,97.93503,43.64685,316.8257,34,51
2025-04-10 11:33:34,1.004174,410.7701,196.7637,96.75105,43.35254,323.2448,34,51
2025-04-10 11:33:36,1.002776,407.577,200.452,96.32809,43.03204,321.0151,34,51
2025-04-10 11:33:39,0.9958549,407.5701,197.8406,97.85004,42.38994,319.9007,34,51
2025-04-10 11:33:42,1.00002,406.0227,192.1887,96.82999,43.763,321.3649,34,51
2025-04-10 11:33:45,0.9985796,407.5784,196.3414,97.1659,44.49784,322.1378,34,51
2025-04-10 11:33:48,0.9943521,407.1737,195.516,96.06972,44.42545,321.3948,34,51
2025-04-10 11:33:50,1.007018,407.9672,198.9323,96.24384,44.12788,325.1234,34,51
2025-04-10 11:33:53,1.001386,398.6435,201.7762,96.49884,44.28905,317.2805,34,51
2025-04-10 11:33:56,0.9892283,407.5631,198.289,96.66742,43.76409,318.7394,34,50
2025-04-10 11:33:59,0.9876213,409.1201,197.4208,96.58071,44.43777,323.6699,34,50
2025-04-10 11:34:02,1.012693,404.83,196.1171,96.66931,44.52884,320.6434,34,50
2025-04-10 11:34:04,1.001414,409.1161,199.3448,96.59086,43.713,318.051,34,50
2025-04-10 11:34:07,0.9945041,406.8016,199.0231,97.33176,43.24397,313.5855,34,50
2025-04-10 11:34:10,1.008368,410.2724,196.5741,95.34415,43.16069,322.843,34,50
2025-04-10 11:34:13,1.008279,406.3307,199.724,96.91506,43.40953,319.1622,34,50
2025-04-10 11:34:16,0.9836844,405.6294,198.2614,98.96201,44.39647,325.9124,34,50
2025-04-10 11:34:18,0.9197206,406.0211,197.8523,96.668,43.61205,320.1796,34,50
2025-04-10 11:34:21,0.9998942,405.5807,196.4168,96.17695,43.76384,321.0028,34,50
2025-04-10 11:34:24,0.9904615,406.0277,202.2073,95.22276,44.86518,321.3704,34,50
2025-04-10 11:34:27,0.9768548,409.1178,194.0896,96.24258,43.50935,316.9236,34,50
2025-04-10 11:34:30,0.994739,411.4476,195.3747,96.25967,43.97216,321.0022,34,50
2025-04-10 11:34:32,0.9918343,403.7396,197.8416,96.6677,43.66236,321.3672,34,50
2025-04-10 11:34:35,0.9823373,404.8825,198.9082,96.91344,43.66196,321.0002,34,50
2025-04-10 11:34:38,1.005536,409.133,198.9443,95.98917,43.50628,322.4991,34,50
2025-04-10 11:34:41,0.9998987,415.3041,201.0818,96.41999,43.35138,320.2719,34,50
2025-04-10 11:34:43,1.005536,402.6428,193.6208,96.91591,43.20349,324.0105,34,50
2025-04-10 11:34:46,1.005742,403.7563,199.988,97.73627,44.16919,317.3517,34,50
2025-04-10 11:34:49,1.000015,402.6946,198.6975,96.10065,43.50566,327.3063,34,50
2025-04-10 11:34:52,0.9730145,405.2326,199.9364,96.99472,44.12273,322.0939,34,50
2025-04-10 11:34:55,1.002738,411.7557,199.5429,97.89305,44.3246,330.4762,34,50
2025-04-10 11:34:57,0.9973022,401.1046,196.4227,96.18306,43.96908,321.7157,34,50
2025-04-10 11:35:00,0.983837,407.19,198.6948,97.64897,43.81733,322.0878,34,50
2025-04-10 11:35:03,0.9851645,404.5209,202.4656,96.36103,42.96231,319.5407,34,50
2025-04-10 11:35:06,1.002783,407.9671,199.1038,96.41798,43.91898,320.6187,34,50
2025-04-10 11:35:09,0.9916566,404.9207,199.3299,96.91209,43.76773,318.4531,34,50
2025-04-10 11:35:11,0.9825487,410.9958,199.1175,96.34673,43.27136,321.3633,34,50
2025-04-10 11:35:14,1.004014,404.9107,197.4347,96.83346,44.0682,320.6248,34,50
2025-04-10 11:35:17,0.9782456,408.7098,197.2487,96.83093,43.45356,316.6598,34,50
2025-04-10 11:35:20,0.9890284,406.8049,193.3318,96.09584,41.56273,317.3702,34,50
2025-04-10 11:35:23,1.019259,409.8685,193.8979,96.83009,43.95959,316.661,34,50
2025-04-10 11:35:25,0.9852429,403.4203,198.0591,97.65487,44.07075,324.666,34,50
2025-04-10 11:35:28,0.9900394,409.5105,197.4259,97.4074,43.87088,320.2666,34,50
2025-04-10 11:35:31,0.9862796,406.3839,199.3389,96.91644,43.76633,320.997,34,50
2025-04-10 11:35:34,0.9873703,409.154,192.618,97.64473,42.94892,322.812,34,50
2025-04-10 11:35:37,0.9823612,413.9826,196.5879,96.66905,43.31252,322.0757,34,50
2025-04-10 11:35:39,0.9837005,406.8441,197.4274,96.82948,44.37564,318.456,34,50
2025-04-10 11:35:42,1.004083,401.5868,197.2202,97.15966,44.0207,315.05,34,50
2025-04-10 11:35:45,1.006959,418.1302,198.8665,96.58929,44.69394,318.062,34,50
2025-04-10 11:35:48,0.9824975,406.0491,195.975,96.59087,44.0714,322.8161,34,50
2025-04-10 11:35:51,1.028587,406.4195,199.3235,96.17965,43.81658,320.2641,34,50
2025-04-10 11:35:53,1.00031,406.3529,198.9075,96.59561,42.68137,322.088,34,50
2025-04-10 11:35:56,1.026455,409.8749,197.6231,97.32572,43.61471,320.6124,34,50
2025-04-10 11:35:59,1.012499,408.3283,198.2701,96.51,43.4639,317.7349,34,50
2025-04-10 11:36:02,1.017921,405.6704,200.4193,97.9826,44.12216,323.1567,34,50
2025-04-10 11:36:05,1.00799,409.5169,198.4931,96.43035,43.26069,320.2628,34,50
2025-04-10 11:36:07,0.9972705,407.5833,198.6896,96.42773,43.36454,316.7137,34,50
2025-04-10 11:36:10,0.9878741,407.186,197.4302,96.75063,43.51649,323.0327,34,50
2025-04-10 11:36:13,0.9903834,409.4823,197.6659,96.67029,43.71656,322.0787,34,50
2025-04-10 11:36:16,0.9959428,419.537,199.3186,97.15891,43.21425,320.6445,34,50
2025-04-10 11:36:18,0.9780053,402.6435,198.0591,97.15836,43.36358,318.8099,34,50
2025-04-10 11:36:21,1.006801,407.1953,203.3507,96.26427,43.87273,326.856,34,50
2025-04-10 11:36:24,0.9953593,409.5059,199.56,97.32753,43.6613,320.2602,34,50
2025-04-10 11:36:27,1.014536,399.7137,197.8496,96.58324,43.71228,318.4237,34,50
2025-04-10 11:36:30,0.9848568,407.178,198.4888,97.67266,43.50562,319.8958,34,50
2025-04-10 11:36:32,1.011109,410.2983,200.4812,97.08027,43.39718,322.488,34,50
2025-04-10 11:36:35,1.002771,402.9592,197.4193,97.16337,44.0225,319.896,34,50
2025-04-10 11:36:38,0.9986115,412.9161,197.639,96.58657,43.96949,325.296,34,50
2025-04-10 11:36:41,1.001266,403.8005,196.7965,95.77201,43.25126,318.0911,34,50
2025-04-10 11:36:44,0.9931924,403.3426,199.7469,96.50757,43.93204,314.5506,34,50
2025-04-10 11:36:46,0.9945518,405.6606,197.634,96.66847,44.17575,317.3023,34,50
2025-04-10 11:36:49,1.010988,400.7195,198.2749,96.75084,43.81765,318.4484,34,50
2025-04-10 11:36:52,0.9877823,410.264,194.9072,97.24883,43.51468,319.5431,34,50
2025-04-10 11:36:55,0.9875875,404.5196,196.5892,96.96915,43.96896,324.3026,34,50
2025-04-10 11:36:58,1.008193,410.2436,198.6954,96.75176,43.91576,322.8316,34,50
2025-04-10 11:37:00,0.9879982,404.8986,197.8826,96.8321,43.96951,323.9224,34,50
2025-04-10 11:37:03,1.005468,406.7945,197.4315,96.58961,43.46562,320.2653,34,50
2025-04-10 11:37:06,1.055813,410.9553,198.4873,98.10294,44.62841,319.5419,34,50
2025-04-10 11:37:09,0.9945842,403.3642,195.737,95.78199,44.32989,318.8552,34,50
2025-04-10 11:37:12,1.0,411.3871,194.152,97.72834,43.66605,318.8091,34,50
2025-04-10 11:37:14,1.004102,411.3856,196.7992,96.34502,42.84091,320.985,34,50
2025-04-10 11:37:17,0.9972408,414.9481,194.5373,97.48706,43.97088,319.5597,34,50
2025-04-10 11:37:20,1.008416,403.026,192.5364,96.18209,44.27384,320.6313,34,50
2025-04-10 11:37:23,0.9904823,409.0875,198.6924,96.99235,43.56506,318.8171,34,50
2025-04-10 11:37:26,1.010861,407.1866,200.201,97.56239,44.12141,317.0305,34,50
2025-04-10 11:37:28,1.001427,409.0873,195.7391,97.65568,43.81823,318.8229,34,50
2025-04-10 11:37:31,0.9933052,406.8062,199.1156,96.9931,43.90967,316.2767,34,50
2025-04-10 11:37:34,0.9998621,407.5713,198.8988,94.98081,43.91806,326.4326,34,50
2025-04-10 11:37:37,0.9946911,413.6351,198.0737,96.59053,43.2692,318.8099,34,50
2025-04-10 11:37:39,0.9999629,406.8196,191.8997,95.14575,44.18103,324.5951,34,50
2025-04-10 11:37:42,0.9973066,398.6673,197.0029,96.75224,43.86937,315.9598,34,50
2025-04-10 11:37:45,0.9863163,408.7062,198.484,97.31509,44.32485,323.1588,34,50
2025-04-10 11:37:48,1.016552,405.6873,193.0379,95.46165,42.82145,321.3468,34,50
2025-04-10 11:37:51,1.006597,408.3233,197.0193,96.27019,44.27982,321.71,34,50
2025-04-10 11:37:53,1.011094,410.1964,198.4771,96.09277,43.87154,317.7407,34,50
2025-04-10 11:37:56,1.002732,400.2324,196.3903,96.18593,43.8679,319.1928,34,50
2025-04-10 11:37:59,0.9864477,410.9924,198.2635,96.42926,44.22762,316.2347,34,50
2025-04-10 11:38:02,0.998549,403.0528,194.6749,96.26864,43.46458,323.1595,34,50
2025-04-10 11:38:05,0.9959743,408.7087,198.2735,97.15329,43.3699,325.7177,34,50
2025-04-10 11:38:07,0.9944336,396.929,198.6856,97.8812,44.01964,315.6853,34,50
2025-04-10 11:38:10,1.017876,406.8168,196.8144,97.47738,44.38306,318.4456,34,50
2025-04-10 11:38:13,0.997285,407.9273,196.5899,96.91308,43.91686,323.1991,34,50
2025-04-10 11:38:16,0.9946122,411.7346,197.6411,97.3919,44.06907,318.8351,34,50
2025-04-10 11:38:19,1.001243,407.014,198.0669,96.6695,43.76609,322.7892,34,50
2025-04-10 11:38:21,1.011126,406.445,197.4233,97.39668,44.42503,314.2786,34,50
2025-04-10 11:38:24,0.9959782,405.2756,199.1069,95.9419,43.7681,321.7084,34,50
2025-04-10 11:38:27,0.997315,409.838,197.8627,98.53263,44.52258,324.243,34,50
2025-04-10 11:38:30,1.026027,406.0574,194.2694,97.23461,44.16921,315.6306,34,50
2025-04-10 11:38:33,0.9478791,406.8139,200.6647,97.43181,44.62082,320.2543,34,50
2025-04-10 11:38:35,0.9853106,410.2034,198.682,97.55369,43.51947,323.1315,34,50
2025-04-10 11:38:38,0.9960392,406.7626,199.1119,97.15263,43.51861,318.4632,34,50
2025-04-10 11:38:41,0.9828368,401.4518,197.2248,97.15775,43.6139,322.0913,34,50
2025-04-10 11:38:44,1.009614,410.2475,196.7808,95.28181,43.91915,321.4518,34,50
2025-04-10 11:38:47,0.9891914,411.411,196.5932,96.58409,44.01958,318.8165,34,50
2025-04-10 11:38:49,0.9945833,407.5661,201.47,97.39585,44.0192,322.4368,34,50
2025-04-10 11:38:52,0.9891439,407.1916,197.6407,96.74779,44.63211,318.0974,34,50
2025-04-10 11:38:55,0.9852098,407.191,193.2759,97.31851,43.71669,319.9018,34,50
2025-04-10 11:38:58,0.9932294,409.4745,201.0163,97.1574,44.12699,321.3454,34,50
2025-04-10 11:39:01,0.9973135,412.619,197.2258,95.29492,44.37547,319.5511,34,50
2025-04-10 11:39:03,0.9892144,401.8431,199.3238,96.52409,44.21081,320.6213,34,50
2025-04-10 11:39:06,1.012593,407.2072,195.1239,97.39887,44.12075,319.542,34,50
2025-04-10 11:39:09,1.014894,405.6707,200.1593,97.39898,43.36486,325.3875,34,50
2025-04-10 11:39:12,0.9946506,406.4164,199.5257,96.75168,43.86776,319.9062,34,50
2025-04-10 11:39:15,1.024238,410.25,196.5983,96.59087,43.9682,320.9795,34,50
2025-04-10 11:39:17,0.9827336,409.837,198.2715,97.39603,43.96724,319.5498,34,50
2025-04-10 11:39:20,0.989272,416.8268,199.9439,97.81416,44.06854,325.7649,34,50
2025-04-10 11:39:23,1.01651,408.3308,199.7428,97.48562,44.68153,319.9066,34,50
2025-04-10 11:39:26,1.013775,408.3349,198.5533,96.99722,43.81614,319.5264,34,50
2025-04-10 11:39:29,1.004316,412.9431,196.5845,97.07785,43.7649,318.0794,34,50
2025-04-10 11:39:31,0.997253,406.4087,198.2619,98.65912,42.8862,314.7898,34,50
2025-04-10 11:39:34,0.990474,408.3235,196.5852,95.83799,44.27428,322.4792,34,50
2025-04-10 11:39:37,1.001356,401.8416,198.6929,96.10088,43.60329,322.1035,34,50
2025-04-10 11:39:40,0.993251,409.485,196.8061,95.86429,43.71722,315.2136,34,50
2025-04-10 11:39:43,1.003985,406.0493,196.3796,96.8315,43.55884,320.6235,34,50
2025-04-10 11:39:45,0.9904698,405.6848,198.0634,97.89851,44.17101,319.9113,34,50
2025-04-10 11:39:48,0.9972716,405.6826,196.9929,96.19265,44.76654,319.8835,34,50
2025-04-10 11:39:51,0.9986783,403.0335,196.8129,97.07266,44.16854,320.2578,34,50
2025-04-10 11:39:54,0.994594,409.0853,195.3528,96.83404,43.61616,320.2629,34,50
2025-04-10 11:39:57,1.008036,411.7959,200.4089,97.32313,43.71609,322.0765,34,50
2025-04-10 11:39:59,0.9892667,404.9173,198.2793,95.98164,44.37595,317.7548,34,50
2025-04-10 11:40:02,0.9905167,409.8585,197.4285,96.75237,43.21333,320.9846,34,50
2025-04-10 11:40:05,0.9905352,406.4581,201.2428,95.3032,44.17191,316.6137,34,50
2025-04-10 11:40:08,0.9932602,407.5726,199.1123,96.50607,43.81939,322.8112,34,50
2025-04-10 11:40:11,1.005433,413.4008,196.1656,96.91419,44.01577,322.8103,34,50
2025-04-10 11:40:13,1.001366,403.0207,195.9416,97.15849,43.8165,323.1487,34,50
2025-04-10 11:40:16,0.9960122,410.2305,197.6435,97.73353,43.55996,317.3006,34,50
2025-04-10 11:40:19,1.005391,410.6188,197.4404,98.29704,43.66523,317.0258,34,50
2025-04-10 11:40:22,1.007027,406.9503,198.6874,97.89553,44.07035,312.7904,34,50
2025-04-10 11:40:25,0.9959302,404.9134,193.8805,96.74829,43.71627,322.8356,34,50
2025-04-10 11:40:27,0.9877906,407.9556,199.3137,96.75227,44.22131,319.3708,34,50
2025-04-10 11:40:30,1.004067,405.695,196.8007,96.18748,43.81997,321.3686,34,50
2025-04-10 11:40:33,0.9945642,404.9986,199.1115,97.31827,44.78826,318.1071,34,50
2025-04-10 11:40:36,0.991914,411.3561,200.5925,97.56679,43.65409,318.4505,34,50
2025-04-10 11:40:39,1.042711,409.8512,199.0543,96.40128,44.52699,326.7944,34,50
2025-04-10 11:40:41,1.001351,406.8372,202.6922,96.75997,42.81753,327.4154,34,50
2025-04-10 11:40:44,0.9851863,408.3495,200.2137,96.50954,43.8177,322.0801,34,50
2025-04-10 11:40:47,0.9986321,406.4302,194.9302,97.48297,44.12143,318.5691,34,50
2025-04-10 11:40:50,0.9864692,406.426,198.0715,97.64738,43.61581,313.7363,34,50
2025-04-10 11:40:53,1.010969,407.2465,198.4894,96.50678,45.46455,317.7264,34,50
2025-04-10 11:40:55,0.9701153,405.2988,194.3186,97.72907,43.46202,317.7105,34,50
2025-04-10 11:40:58,0.9823104,407.1953,197.2359,96.34276,43.51266,320.6418,34,50
2025-04-10 11:41:01,1.004097,410.2296,198.9237,97.4055,44.59233,312.4456,34,50
2025-04-10 11:41:04,0.9986142,403.8152,199.7589,96.24619,44.02026,319.8994,34,50
2025-04-10 11:41:07,0.9944594,408.3597,199.547,96.75155,44.38451,324.2769,34,50
2025-04-10 11:41:09,0.9973607,407.934,196.1701,97.49332,44.37884,320.6256,34,50
2025-04-10 11:41:12,0.9808773,403.3386,199.1275,96.42358,43.81673,318.8019,34,50
2025-04-10 11:41:15,0.9986573,408.3239,197.8393,96.04122,44.07109,320.2614,34,50
2025-04-10 11:41:18,1.005471,406.8091,200.3936,98.23584,44.01747,322.4563,34,50
2025-04-10 11:41:21,1.00288,406.7936,198.9057,96.01963,43.61545,321.7364,34,50
2025-04-10 11:41:23,1.005464,407.5739,199.7588,97.16171,43.85249,320.6332,34,50
2025-04-10 11:41:26,0.9972458,408.719,198.0664,96.27699,42.89352,317.0132,34,50
2025-04-10 11:41:29,0.9809321,413.2953,196.592,97.1591,44.07095,322.4628,34,50
2025-04-10 11:41:32,1.005464,401.8094,200.79,96.42579,43.9295,325.3756,34,50
2025-04-10 11:41:35,0.9945106,409.4965,196.9653,96.66283,43.19677,321.0078,34,50
2025-04-10 11:41:37,0.9864207,405.6362,196.1597,96.58851,43.15081,319.1616,34,50
2025-04-10 11:41:40,1.001381,407.5646,198.2779,96.7448,43.11884,322.4894,34,50
2025-04-10 11:41:43,1.002786,408.3437,195.2807,97.00014,43.6104,324.2664,34,50
2025-04-10 11:41:46,0.9835482,408.7391,192.7478,98.98422,43.76187,318.42,34,50
2025-04-10 11:41:49,0.9945011,408.3204,196.3636,97.16779,43.71154,320.6304,34,50
2025-04-10 11:41:51,0.9793408,411.4942,203.2679,97.59097,44.33636,323.2721,34,50
2025-04-10 11:41:54,0.9808747,403.3638,201.4826,95.78768,43.97008,321.749,34,50
2025-04-10 11:41:57,0.9972705,411.0386,196.3786,97.07487,44.53833,319.8987,34,50
2025-04-10 11:42:00,0.9958972,402.5757,199.7534,96.58678,43.91862,319.8963,34,50
2025-04-10 11:42:03,0.9891263,406.102,197.3855,96.18401,44.16013,324.7314,34,50
2025-04-10 11:42:05,1.01241,401.508,197.6407,96.34497,43.46495,315.9347,34,50
2025-04-10 11:42:08,0.9845187,412.2171,198.2731,97.96464,43.609,321.3499,34,50
2025-04-10 11:42:11,1.00816,404.5417,195.7946,96.99823,44.01917,322.4656,34,50
2025-04-10 11:42:14,1.025308,410.6136,195.977,97.15703,43.71558,319.5428,34,50
2025-04-10 11:42:17,0.9960795,404.515,196.807,96.02862,43.92373,321.7101,34,50
2025-04-10 11:42:19,0.9678508,405.6336,201.4824,96.51092,43.76685,320.6234,34,50
2025-04-10 11:42:22,0.9986633,414.0208,195.991,96.10423,43.81845,315.7624,34,50
2025-04-10 11:42:25,0.9892774,404.9381,198.4811,97.48592,43.51747,317.5586,34,50
2025-04-10 11:42:28,1.012289,416.3033,198.6889,95.54866,44.27071,316.629,34,50
2025-04-10 11:42:31,0.9838931,406.0731,198.0642,96.51055,44.3714,321.7219,34,50
2025-04-10 11:42:33,0.9999587,404.9301,199.3145,96.43668,43.35931,322.4243,34,50
2025-04-10 11:42:36,0.9814016,408.7,195.7929,97.72104,43.71422,321.3361,34,50
2025-04-10 11:42:39,1.02339,411.4222,193.7573,96.2704,44.37045,322.424,34,50
2025-04-10 11:42:42,1.013443,408.7166,199.3074,96.99392,43.42114,320.2761,34,50
2025-04-10 11:42:45,1.013594,407.5334,197.2343,96.99504,44.16821,317.4573,34,51
2025-04-10 11:42:48,0.9893892,407.9319,199.3354,96.91172,44.17024,313.8377,34,51
2025-04-10 11:42:50,0.9933134,405.3188,199.056,95.71145,43.41848,320.6051,34,51
2025-04-10 11:42:53,1.005432,405.6999,199.4843,95.45214,44.74269,320.6299,34,51
2025-04-10 11:42:56,1.005326,406.8229,197.233,97.47456,44.93575,321.3358,34,51
2025-04-10 11:42:59,1.001354,407.9445,200.3797,96.10405,43.66584,319.1781,34,51
2025-04-10 11:43:02,1.010823,404.9462,197.6465,97.40154,44.53064,322.0553,34,51
2025-04-10 11:43:04,1.008309,408.3241,198.4798,97.15476,44.01956,317.0733,34,51
2025-04-10 11:43:07,0.987809,407.5598,195.3665,97.55465,44.62801,325.7635,34,51
2025-04-10 11:43:10,1.019228,403.898,198.0634,96.43288,42.59783,319.5113,34,51
2025-04-10 11:43:13,1.002599,406.0918,200.375,96.51315,43.66674,322.0605,34,51
2025-04-10 11:43:16,1.002667,409.4396,198.5118,96.03561,43.77013,321.3656,34,51
2025-04-10 11:43:18,0.9946664,409.8501,199.9307,96.03472,44.56948,317.0663,34,51
2025-04-10 11:43:21,0.9773575,405.7003,196.6232,96.75277,44.01847,322.7694,34,51
2025-04-10 11:43:24,0.9999911,409.0745,195.742,96.89279,43.81875,322.4208,34,51
2025-04-10 11:43:27,0.9947105,408.6989,199.3047,96.51398,44.21253,320.9799,34,51
2025-04-10 11:43:30,0.9920422,399.8305,197.2414,97.69723,43.9174,320.2581,34,51
2025-04-10 11:43:32,0.9946695,409.0476,199.8976,94.9278,43.62066,323.9336,34,51
2025-04-10 11:43:35,0.9999958,409.0638,197.2572,95.66613,43.46812,320.9818,34,51
2025-04-10 11:43:38,0.9959587,409.4433,200.3423,97.2348,43.97769,322.0498,34,51
2025-04-10 11:43:41,1.006696,404.187,195.3792,95.78742,44.17075,320.263,34,51
2025-04-10 11:43:44,1.001376,418.0212,198.6782,96.59072,44.21973,323.1147,34,51
2025-04-10 11:43:46,0.9918419,409.0208,197.2355,96.2748,43.3188,325.2759,34,52
2025-04-10 11:43:49,1.007991,409.0732,195.8584,96.74755,43.67025,320.2579,34,51
2025-04-10 11:43:52,0.9869663,404.2134,197.8573,96.99334,43.71984,319.19,34,51
2025-04-10 11:43:55,1.006734,404.9681,197.6521,96.67323,43.81926,327.3677,34,52
2025-04-10 11:43:58,0.9958652,406.4498,195.6213,96.82638,43.2787,321.6779,34,52
2025-04-10 11:44:00,0.9920739,409.4364,197.2373,97.62837,44.01804,327.1099,34,52
2025-04-10 11:44:03,1.026628,407.5939,197.8574,96.99193,44.71311,320.6708,34,52
2025-04-10 11:44:06,0.996086,408.6812,197.44,96.59509,43.91795,321.3415,34,52
2025-04-10 11:44:09,1.003998,411.2877,193.0134,96.5161,43.91051,320.2722,34,52
2025-04-10 11:44:12,1.003966,406.4539,200.9508,96.58315,43.42685,328.6024,34,52
2025-04-10 11:44:14,1.001325,411.6663,199.72,96.59405,43.86837,321.6764,34,52
2025-04-10 11:44:17,1.00393,408.7477,197.8578,96.51628,43.96649,317.7969,34,52
2025-04-10 11:44:20,0.9827987,405.4084,199.7321,96.74903,44.26294,319.5582,34,52
2025-04-10 11:44:23,1.009025,407.9506,198.4715,97.30279,43.72112,318.4417,34,52
2025-04-10 11:44:26,1.003971,406.0886,199.2521,98.2661,43.32429,320.9577,34,52
2025-04-10 11:44:28,0.9973816,408.6711,197.6635,96.11429,43.62397,320.4526,35,52
2025-04-10 11:44:31,1.013192,406.8352,200.7639,98.27956,43.08978,320.9697,34,52
2025-04-10 11:44:34,0.9947564,405.0031,195.1939,97.22027,44.01731,320.2699,34,52
2025-04-10 11:44:37,1.002641,401.9385,198.0737,95.66568,43.72243,319.5771,34,52
2025-04-10 11:44:40,1.014545,407.9397,197.8622,96.99119,43.27979,321.2837,35,52
2025-04-10 11:44:42,0.9804506,407.2027,200.9566,96.59302,44.06532,320.2522,34,52
2025-04-10 11:44:45,0.994811,407.2118,199.6928,96.83232,43.33292,320.9617,34,52
2025-04-10 11:44:48,0.9947981,407.9329,197.8445,96.67551,43.63115,319.547,35,52
2025-04-10 11:44:51,1.002611,406.4711,199.3212,98.33117,43.96896,320.6161,35,52
2025-04-10 11:44:54,0.9998864,403.5355,198.2745,96.4392,44.36229,323.49,35,52
2025-04-10 11:44:56,0.9854569,402.2984,196.8407,96.83286,43.00511,320.2604,35,52
2025-04-10 11:44:59,0.9855682,408.6655,196.651,97.30324,43.67443,317.8132,35,52
2025-04-10 11:45:02,1.006541,404.712,200.9372,96.82996,43.48022,315.3829,35,52
2025-04-10 11:45:05,1.00396,404.999,196.2297,96.12286,43.43038,317.1085,35,52
2025-04-10 11:45:08,1.01601,407.575,200.3465,96.83317,43.81269,325.2733,35,52
2025-04-10 11:45:10,0.9947883,409.0282,197.8605,96.67243,43.22951,326.1327,35,52
2025-04-10 11:45:13,0.9895426,409.0477,196.445,96.59693,43.87061,320.264,35,52
2025-04-10 11:45:16,0.9829933,408.6177,197.866,97.05906,43.28562,324.1347,35,53
2025-04-10 11:45:19,1.007862,413.8894,198.8743,96.36137,44.57754,317.476,35,53
2025-04-10 11:45:22,0.9961035,411.2965,196.6272,95.43073,43.91616,316.7627,35,53
2025-04-10 11:45:24,0.9986955,408.6757,198.8739,95.81738,44.06236,318.51,35,53
2025-04-10 11:45:27,0.9681911,405.7242,204.8419,97.14501,45.0661,319.9255,35,53
2025-04-10 11:45:30,0.9882849,414.4745,197.8487,97.12312,44.6055,320.6097,35,53
2025-04-10 11:45:33,1.014607,407.941,197.4547,97.2252,43.72258,319.2176,35,53
2025-04-10 11:45:36,0.9979218,414.4387,196.2549,96.50237,45.07071,315.7469,35,53
2025-04-10 11:45:38,0.9921847,402.1905,197.257,96.81801,44.50158,318.8706,35,53
2025-04-10 11:45:41,1.009142,404.4766,200.0893,95.81942,43.15803,321.6574,35,53
2025-04-10 11:45:44,0.9778263,404.987,196.4473,96.9093,44.90169,327.1441,35,53
2025-04-10 11:45:47,1.013298,413.5727,196.0237,96.26485,43.67078,322.0469,35,53
2025-04-10 11:45:50,0.8911632,416.1421,198.892,96.75258,44.62798,319.9088,35,53
2025-04-10 11:45:52,1.004035,407.5688,203.0913,97.146,44.73228,320.2467,35,53
2025-04-10 11:45:55,0.9746197,411.357,197.2357,95.71129,43.7186,330.4183,35,53
2025-04-10 11:45:58,0.9960214,408.6968,190.9199,96.83152,44.01778,318.8195,35,53
2025-04-10 11:46:01,0.9907026,406.0322,192.2465,96.74977,44.61822,318.4903,35,53
2025-04-10 11:46:04,1.003987,407.1884,197.6603,96.75237,43.43293,314.2959,35,52
2025-04-10 11:46:06,1.005221,406.4663,195.848,96.91053,43.12604,319.8934,35,52
2025-04-10 11:46:09,0.9948296,409.3936,201.7046,95.34778,43.91862,320.9777,35,52
2025-04-10 11:46:12,0.9986573,410.1944,198.6917,96.51316,44.21886,316.297,35,52
2025-04-10 11:46:15,0.9919678,411.3073,199.7355,96.34668,44.06872,320.983,35,52
2025-04-10 11:46:18,1.003992,414.0188,200.1798,95.55238,44.42109,316.044,35,52
2025-04-10 11:46:20,1.016328,412.5199,196.6199,96.59053,43.71413,320.2419,35,52
2025-04-10 11:46:23,0.9920414,409.7718,197.6475,96.03564,43.52141,321.3348,35,52
2025-04-10 11:46:26,1.002682,407.5815,199.1151,96.59184,44.06959,320.2701,35,52
2025-04-10 11:46:29,0.9960369,409.4452,197.4398,96.99823,43.91655,321.6965,35,52
2025-04-10 11:46:32,1.00005,405.0239,197.8591,97.15207,43.27746,325.3344,35,52
2025-04-10 11:46:34,1.014535,407.9684,194.7632,97.3164,44.07446,312.3229,35,52
2025-04-10 11:46:37,0.99601,406.4475,197.2377,97.30927,43.92012,320.9844,35,52
2025-04-10 11:46:40,1.002648,407.5773,199.0864,97.23083,44.16472,322.4019,35,52
2025-04-10 11:46:43,0.9986755,404.9955,200.1319,96.9093,43.72237,319.5581,35,52
2025-04-10 11:46:46,1.002716,407.9382,196.2471,96.35855,43.86959,317.3729,35,52
2025-04-10 11:46:48,1.002706,412.8761,200.3619,97.07306,42.62888,325.0615,35,51
2025-04-10 11:46:51,1.008278,409.5148,198.6999,97.26208,44.01888,323.2149,35,51
2025-04-10 11:46:54,0.9944719,402.9861,194.8623,96.01282,43.55841,320.2629,35,51
2025-04-10 11:46:57,1.017766,422.1062,197.8617,97.74841,43.71428,314.5049,35,51
2025-04-10 11:47:00,0.9999186,406.0451,199.1203,97.24619,43.71275,323.2184,35,51
2025-04-10 11:47:02,0.9998739,404.5367,199.4934,96.27106,44.17193,319.5401,35,51
2025-04-10 11:47:05,0.9932824,411.0242,198.69,96.50894,43.91333,317.3406,35,51
2025-04-10 11:47:08,0.9973306,412.1143,197.2316,97.0734,43.71574,320.6432,35,51
2025-04-10 11:47:11,0.9932903,400.0753,197.2336,97.55299,43.36395,315.9482,35,51
2025-04-10 11:47:14,0.9853351,406.4247,199.9447,96.03368,44.16917,319.195,35,51
2025-04-10 11:47:16,1.000001,407.9451,198.6866,97.55125,44.36932,321.6958,35,51
2025-04-10 11:47:19,1.001374,405.268,198.395,96.99233,43.66922,322.0521,35,51
2025-04-10 11:47:22,0.9735712,409.4337,200.9868,96.35239,43.57161,319.5493,35,51
2025-04-10 11:47:25,1.019551,405.6931,197.034,97.81294,43.47143,319.1913,35,51
2025-04-10 11:47:28,0.9946692,407.2313,197.8547,97.31848,43.81969,311.6105,35,51
2025-04-10 11:47:30,0.9974003,410.2084,194.8068,98.04703,43.56953,319.891,35,51
2025-04-10 11:47:33,1.00676,410.9661,196.8705,96.91204,43.81884,319.9092,35,51
2025-04-10 11:47:36,0.9945982,406.0678,196.1705,95.70545,43.81546,313.0695,35,51
2025-04-10 11:47:39,1.016739,408.763,198.4888,98.31702,43.91878,320.6133,35,51
2025-04-10 11:47:42,1.004054,395.7587,199.5594,96.99379,43.66199,322.1481,35,51
2025-04-10 11:47:44,1.000058,406.4287,195.3325,96.00863,43.66322,323.8829,35,51
2025-04-10 11:47:47,0.9932119,411.4077,198.0606,96.0211,43.71549,323.0836,35,51
2025-04-10 11:47:50,0.9889341,398.6006,198.0642,96.6673,43.71629,319.9102,35,51
2025-04-10 11:47:53,1.008067,408.7537,195.3459,97.39585,44.78215,323.9112,35,51
2025-04-10 11:47:56,1.016224,410.5938,204.0696,96.6727,44.5216,317.7525,35,51
2025-04-10 11:47:59,1.004039,407.942,199.9378,96.12945,43.96255,322.0533,35,51
2025-04-10 11:48:01,0.9958211,408.7003,198.6841,97.22073,43.91842,320.9594,35,51
2025-04-10 11:48:04,1.001274,407.5814,196.215,97.63424,44.06667,318.5623,35,51
2025-04-10 11:48:07,0.9840641,407.1904,196.4215,95.80419,43.27251,324.2224,35,51
2025-04-10 11:48:10,1.008031,407.5725,193.4412,97.1525,43.38324,319.5591,35,51
2025-04-10 11:48:13,0.9894103,411.6827,199.5396,96.99119,44.06696,318.839,35,51
2025-04-10 11:48:15,1.018914,407.9446,197.6221,96.67265,45.00679,320.6252,35,51
2025-04-10 11:48:18,0.9682359,407.5725,196.359,98.52878,43.62137,317.0613,35,51
2025-04-10 11:48:21,0.9917594,404.9106,197.2342,98.23782,43.51561,319.9372,35,51
2025-04-10 11:48:24,1.018994,408.7093,204.6819,97.15639,44.01883,324.6721,35,51
2025-04-10 11:48:27,1.002682,403.1927,198.2684,97.15258,43.66681,319.1934,35,51
2025-04-10 11:48:29,0.9676434,413.2774,198.0684,97.0741,43.86888,321.3398,35,51
2025-04-10 11:48:32,0.9774937,414.3293,198.6819,96.59405,43.51784,312.5103,35,51
2025-04-10 11:48:35,0.9920298,411.3346,197.2327,96.91647,44.21947,328.0469,35,51
2025-04-10 11:48:38,0.9973143,404.9326,197.029,96.26188,43.96817,318.5591,35,51
2025-04-10 11:48:41,1.005383,408.7462,197.2603,95.95831,43.57043,320.2605,35,51
2025-04-10 11:48:43,0.991883,408.3028,198.2601,96.91312,42.43935,324.9286,35,51
2025-04-10 11:48:46,1.003986,407.9409,195.8379,96.99485,44.0185,319.5535,35,51
2025-04-10 11:48:49,0.9906775,406.4762,197.8603,96.42844,43.66576,318.1372,35,50
2025-04-10 11:48:52,0.9919397,410.9277,195.2162,97.39056,43.37512,318.8172,35,50
2025-04-10 11:48:55,0.9999773,408.2986,199.3197,96.7496,43.97467,321.3318,35,51
2025-04-10 11:48:57,1.020304,408.6501,196.6084,96.19544,43.86658,320.9608,35,51
2025-04-10 11:49:00,1.001356,405.673,198.4741,96.03815,44.51754,318.8365,35,51
2025-04-10 11:49:03,1.001268,408.6835,200.953,96.03323,43.76995,326.9535,35,51
2025-04-10 11:49:06,0.9960191,407.5638,199.9541,97.40312,44.17009,317.7979,35,51
2025-04-10 11:49:09,0.9946646,407.5726,199.5423,96.35487,44.3232,321.683,35,51
2025-04-10 11:49:11,0.9866369,408.3162,200.3768,97.31114,43.91678,316.7255,35,51
2025-04-10 11:49:14,0.9917919,404.1388,197.6429,97.16012,43.71687,324.6597,35,51
2025-04-10 11:49:17,1.002732,414.2099,196.7915,93.75425,42.91798,318.4243,35,51
2025-04-10 11:49:20,0.9931419,408.3315,196.3636,95.84965,44.4443,323.6523,35,51
2025-04-10 11:49:23,1.001338,408.7193,198.4771,96.50984,44.32811,319.1714,35,51
2025-04-10 11:49:25,0.9932055,404.5251,195.8038,97.48238,43.66464,325.7615,35,51
2025-04-10 11:49:28,1.001353,406.0559,198.0891,96.59749,43.91844,320.5798,35,51
2025-04-10 11:49:31,0.9904061,406.7992,197.4348,97.55845,44.42281,323.6529,35,51
2025-04-10 11:49:34,0.9894978,411.7875,198.683,97.80781,43.11378,322.0529,35,51
2025-04-10 11:49:37,0.9655706,406.4356,201.6503,96.91127,44.01799,322.4248,35,51
2025-04-10 11:49:39,0.9960054,405.697,198.1068,96.51387,44.16864,320.6137,35,51
2025-04-10 11:49:42,0.9933422,410.963,201.6326,97.0729,44.62625,318.4883,35,51
2025-04-10 11:49:45,0.9946911,411.3207,197.429,97.23136,43.81825,318.8253,35,51
2025-04-10 11:49:48,1.002711,406.8258,196.0649,95.56095,42.68934,322.0425,35,51
2025-04-10 11:49:51,0.9840166,412.0357,197.8823,96.60774,44.16734,326.0532,35,51
2025-04-10 11:49:53,0.9920906,406.4463,198.8831,97.52003,43.719,321.3358,35,51
2025-04-10 11:49:56,1.010628,409.4091,201.6213,96.26932,43.15719,326.0138,35,51
2025-04-10 11:49:59,1.017435,406.7606,200.363,98.52726,44.3175,318.841,35,50
2025-04-10 11:50:02,1.011936,403.1171,198.8872,96.34773,43.3744,323.8344,35,51
2025-04-10 11:50:05,1.023719,408.6762,198.0628,97.70737,43.19106,321.3373,35,50
2025-04-10 11:50:07,0.9814348,409.8089,198.4761,96.59963,44.1684,314.6198,35,51
2025-04-10 11:50:10,1.001355,407.5662,199.9776,97.38826,43.9186,318.1472,35,50
2025-04-10 11:50:13,0.9960233,405.3476,198.4739,96.991,43.9166,322.3997,35,51
2025-04-10 11:50:16,0.9933105,412.8581,200.9524,94.60453,43.86824,320.615,35,51
2025-04-10 11:50:19,0.9961426,403.8794,198.6765,96.59427,43.72208,324.1982,35,50
2025-04-10 11:50:21,1.016139,405.7119,198.0634,96.75292,44.8324,326.368,35,50
2025-04-10 11:50:24,0.9881536,407.9497,198.0627,96.51701,44.60195,316.0797,35,51
2025-04-10 11:50:27,0.997191,407.9458,200.7651,96.27466,44.11506,318.5005,35,50
2025-04-10 11:50:30,1.000072,416.0017,193.3581,97.52878,43.47324,326.7672,35,50
2025-04-10 11:50:33,1.009445,401.7577,199.4755,94.93933,43.71978,322.7542,35,50
2025-04-10 11:50:35,1.009565,410.5925,197.8588,96.49928,43.6707,323.8358,35,50
2025-04-10 11:50:38,0.9986623,407.1601,198.069,96.58363,44.02354,323.1122,35,50
2025-04-10 11:50:41,0.9881317,409.0932,197.2354,95.56876,43.91927,320.6241,35,50
2025-04-10 11:50:44,0.9999782,406.8373,198.4715,96.83125,42.72043,318.4745,35,50
2025-04-10 11:50:47,0.9905031,409.0458,195.4198,96.27366,44.57195,319.5598,35,50
2025-04-10 11:50:49,0.9750567,407.9422,198.0647,96.51649,43.91846,314.5954,35,50
2025-04-10 11:50:52,0.9775044,403.4536,197.8679,96.51514,43.51984,319.5517,35,50
2025-04-10 11:50:55,0.9698822,404.9666,198.681,96.59666,44.16626,318.8362,35,50
2025-04-10 11:50:58,1.010623,408.3154,195.4003,96.02988,43.57232,316.023,35,50
2025-04-10 11:51:01,0.9999602,413.1989,195.803,97.71744,43.86909,320.9606,35,50
2025-04-10 11:51:03,1.004002,406.0906,196.6656,97.71037,43.72211,324.1573,35,50
2025-04-10 11:51:06,0.9934275,405.7197,198.4675,97.55186,43.42706,317.7997,35,50
2025-04-10 11:51:09,1.007971,409.06,197.6499,98.19354,43.47018,319.9037,35,50
2025-04-10 11:51:12,1.008059,409.4406,198.2702,97.64157,44.47688,332.4635,35,50
2025-04-10 11:51:15,1.008184,414.8695,199.5259,98.19572,43.66681,324.9053,35,50
2025-04-10 11:51:17,0.9946047,400.9139,195.2328,96.18767,43.96972,313.4898,35,50
2025-04-10 11:51:20,0.9710423,403.0452,200.3712,95.78313,43.66734,320.9783,35,50
2025-04-10 11:51:23,1.013511,412.8947,197.8561,96.43438,43.86813,317.7458,35,50
2025-04-10 11:51:26,1.002699,402.413,197.0597,97.07497,43.71957,323.8503,35,50
2025-04-10 11:51:29,0.9609808,406.4426,197.6527,97.31667,44.22095,319.1812,35,50
2025-04-10 11:51:31,0.9960202,412.0471,193.7833,97.79684,44.68913,321.6961,35,50
2025-04-10 11:51:34,1.001335,404.9925,198.6886,97.46938,43.42048,325.3149,35,50
2025-04-10 11:51:37,0.9945152,409.0695,197.2432,95.94272,44.06929,320.2688,35,50
2025-04-10 11:51:40,0.9880907,406.4494,199.5127,96.82683,45.26558,321.3199,35,50
2025-04-10 11:51:43,0.9867027,414.4317,199.5181,96.27261,43.8182,317.4241,35,50
2025-04-10 11:51:45,0.9893331,409.7623,195.9624,97.47475,42.64514,324.2743,35,50
2025-04-10 11:51:48,0.9866591,407.5586,198.8902,96.67008,44.57732,312.7635,35,50
2025-04-10 11:51:51,0.9879448,407.5662,199.2956,96.91283,44.16734,319.8958,35,50
2025-04-10 11:51:54,1.006711,406.4569,200.3351,96.44342,44.17327,317.0858,35,50
2025-04-10 11:51:57,0.9960522,406.0887,198.9243,96.26099,43.32756,318.8664,35,50
2025-04-10 11:51:59,1.001326,406.0881,199.0936,97.37752,44.41599,317.7864,35,50
2025-04-10 11:52:02,1.014686,409.4615,196.6336,98.01791,44.21086,318.08,35,50
2025-04-10 11:52:05,1.014405,403.6438,197.2192,98.41969,44.11742,318.4896,35,50
2025-04-10 11:52:08,0.9946865,414.7409,197.444,98.10282,43.52888,322.7831,35,50
2025-04-10 11:52:11,0.9908167,407.8179,191.7874,95.65229,44.26498,322.0865,35,50
2025-04-10 11:52:13,0.9713792,408.3114,199.3006,96.91312,44.16586,318.8469,35,50
2025-04-10 11:52:16,0.9816908,409.4289,199.5077,97.61954,43.87088,330.4346,35,50
2025-04-10 11:52:19,0.9801281,409.0505,200.5505,97.14874,43.39224,317.0907,35,51
2025-04-10 11:52:22,0.9920879,407.2012,197.4243,96.99741,43.86943,321.0097,35,50
2025-04-10 11:52:25,1.023251,406.8151,199.2921,96.43541,43.96852,310.2176,35,51
2025-04-10 11:52:27,0.9998246,410.9478,198.6826,98.47643,43.96577,323.856,35,51
2025-04-10 11:52:30,0.9841753,412.5055,200.1294,97.74854,44.06874,310.7903,35,51
2025-04-10 11:52:33,0.9932536,409.4817,201.0679,96.26359,43.16455,318.0923,35,51
2025-04-10 11:52:36,1.019463,409.8684,195.5324,98.75498,43.30368,324.324,35,51
2025-04-10 11:52:39,0.9878634,409.1076,198.7049,98.16081,43.41026,318.0687,35,50
2025-04-10 11:52:41,0.9931877,406.8072,200.4025,96.7524,44.17155,321.7313,35,51
2025-04-10 11:52:44,1.002782,402.7963,200.1603,96.83179,43.71769,322.149,35,50
2025-04-10 11:52:47,1.005469,401.5336,196.8069,97.47732,43.6195,326.497,35,51
2025-04-10 11:52:50,0.9840219,405.6893,198.901,96.35305,44.16951,318.8185,35,51
2025-04-10 11:52:53,1.007977,401.862,195.8221,96.04335,42.77839,319.9045,35,51
2025-04-10 11:52:55,0.9852444,410.5435,196.631,96.27631,43.81798,322.4164,35,51
2025-04-10 11:52:58,0.9919745,407.9468,197.8501,97.39256,43.67078,317.7837,35,51
2025-04-10 11:53:01,0.9947306,408.6858,195.0028,96.43936,44.01667,321.9606,35,51
2025-04-10 11:53:04,0.9893315,413.2465,201.5471,98.51318,44.16885,320.6202,35,51
2025-04-10 11:53:07,1.034974,410.2253,197.648,97.24078,43.57159,320.9796,35,51
2025-04-10 11:53:09,0.9961008,405.7052,199.5247,95.87285,43.88432,321.3454,35,51
2025-04-10 11:53:12,1.00831,406.8179,200.5615,95.39117,44.91695,319.1757,35,51
2025-04-10 11:53:15,1.023843,412.4786,198.2689,96.59067,44.1136,321.6856,35,51
2025-04-10 11:53:18,0.9829198,405.3355,200.386,97.3116,43.86782,322.7532,35,51
2025-04-10 11:53:21,0.9813214,409.8345,199.7429,96.75298,43.91878,320.929,35,50
2025-04-10 11:53:23,1.010762,407.5854,202.1492,96.03417,44.97085,322.4338,35,51
2025-04-10 11:53:26,0.999982,406.4348,196.2072,96.59352,44.56545,322.0561,35,51
2025-04-10 11:53:29,1.007996,412.8648,196.6236,99.3828,43.03228,323.841,35,50
2025-04-10 11:53:32,1.015799,411.6523,199.5111,95.95899,43.72017,321.6888,35,50
2025-04-10 11:53:35,1.002604,403.5229,197.2485,97.0726,44.44755,326.7716,35,50
2025-04-10 11:53:37,0.9868134,404.5909,198.0564,96.35503,44.51759,316.481,35,50
2025-04-10 11:53:40,0.9908057,405.7172,197.8603,96.67645,43.62264,318.8388,35,50
2025-04-10 11:53:43,0.9973766,410.1743,197.0379,96.59767,44.82622,316.7625,35,50
2025-04-10 11:53:46,0.9998789,406.4463,201.1816,96.91182,43.37158,324.8639,35,50
2025-04-10 11:53:49,1.012074,406.0826,198.0585,97.55995,43.8187,326.3604,35,50
2025-04-10 11:53:52,0.9881336,404.6054,200.9197,96.83337,44.06696,319.9168,35,50
2025-04-10 11:53:54,1.006648,407.5626,197.6447,97.38751,43.82004,321.0174,35,50
2025-04-10 11:53:57,1.029826,409.0471,197.2164,97.48048,44.01781,319.9104,35,50
2025-04-10 11:54:00,1.019831,407.5499,197.656,97.05814,43.81937,317.4409,35,50
2025-04-10 11:54:03,0.9933904,405.0259,198.6794,97.23045,43.42675,318.8468,35,50
2025-04-10 11:54:06,1.017558,411.5793,195.62,96.99023,43.66558,324.5607,35,50
2025-04-10 11:54:08,1.012035,405.3016,197.2713,99.73319,45.22152,320.27,35,50
2025-04-10 11:54:11,0.978314,403.4912,201.1954,95.86905,43.86935,322.0441,35,50
2025-04-10 11:54:14,0.9934244,406.8173,199.5554,96.04164,43.81898,324.252,35,50
2025-04-10 11:54:17,1.000095,410.5447,200.3639,96.43475,43.3708,317.0886,35,50
2025-04-10 11:54:20,0.998673,406.8367,197.441,95.29212,43.86837,318.8474,35,50
2025-04-10 11:54:22,0.9893866,410.5994,197.6408,97.31034,43.57214,316.7086,35,50
2025-04-10 11:54:25,0.970853,409.4455,199.0902,96.98781,44.21824,319.2025,35,50
2025-04-10 11:54:28,1.006589,406.4464,196.2129,97.66459,42.92852,323.5376,35,50
2025-04-10 11:54:31,1.005384,410.1717,197.7138,98.04707,44.68401,314.0269,35,50
2025-04-10 11:54:34,0.9972808,403.1115,196.6328,97.8024,43.91876,320.6229,35,50
2025-04-10 11:54:36,0.9946517,410.1902,203.5699,96.031,43.52186,322.4118,35,50
2025-04-10 11:54:39,0.984023,406.0827,197.8549,96.11449,43.571,323.8349,35,50
2025-04-10 11:54:42,0.9853921,407.5639,192.2415,95.01614,44.17449,319.9098,35,50
2025-04-10 11:54:45,1.005375,407.1863,198.0542,97.06984,43.52605,317.4129,35,50
2025-04-10 11:54:48,1.017845,399.5842,197.6477,97.07072,43.12524,313.885,35,50
2025-04-10 11:54:50,0.9920196,408.3149,198.6846,97.15119,44.01796,320.985,35,50
2025-04-10 11:54:53,0.9959507,407.1848,198.7245,96.52214,44.26991,321.7099,35,50
2025-04-10 11:54:56,1.016261,406.8203,197.0242,97.40694,43.32714,320.1839,35,50
2025-04-10 11:54:59,1.010807,416.2802,196.4069,97.07333,44.42376,322.9982,35,50
2025-04-10 11:55:02,1.009547,401.8824,199.1178,96.91177,44.37683,313.531,35,50
2025-04-10 11:55:04,1.0266,407.6155,194.5454,96.42803,43.96864,323.1638,35,50
2025-04-10 11:55:07,0.9945542,408.323,196.6041,96.74876,44.06746,320.5756,35,50
2025-04-10 11:55:10,1.008076,406.0671,198.894,97.3144,44.11921,320.2727,35,50
2025-04-10 11:55:13,0.9986774,412.1553,199.1156,96.41656,44.01706,320.6253,35,50
2025-04-10 11:55:16,1.022427,401.201,198.2731,96.26305,43.91774,322.1004,35,50
2025-04-10 11:55:18,0.998618,406.7929,200.3862,96.42914,43.81646,315.943,35,50
2025-04-10 11:55:21,0.987888,407.1927,197.0191,97.39874,44.01929,320.2605,35,50
2025-04-10 11:55:24,1.012325,405.6637,198.0635,96.98653,43.45905,320.2629,35,50
2025-04-10 11:55:27,1.004045,406.8167,194.5365,97.31998,44.01246,317.6793,35,50
2025-04-10 11:55:30,1.008287,408.6876,197.8393,96.07784,43.77,323.2574,35,50
2025-04-10 11:55:32,0.9972116,407.57,197.6404,96.33441,43.81455,319.1529,35,50
2025-04-10 11:55:35,0.9973169,407.9498,198.062,94.86458,42.71401,320.9961,35,50
2025-04-10 11:55:38,0.9918316,402.6712,201.0409,95.52302,43.86279,320.9433,35,50
2025-04-10 11:55:41,0.9986581,410.6266,199.1135,97.4854,44.80402,312.298,35,50
2025-04-10 11:55:44,0.9985398,407.5741,197.4338,94.84928,43.73085,319.5197,35,50
2025-04-10 11:55:46,1.008194,410.6491,200.8065,97.98367,43.82013,317.3754,35,50
2025-04-10 11:55:49,0.9893922,410.213,196.1706,96.74853,43.87418,319.8922,35,50
2025-04-10 11:55:52,0.9988814,402.2733,195.9724,96.11189,43.76689,318.8355,35,50
2025-04-10 11:55:55,0.9893312,401.6928,196.3628,96.18963,43.37032,318.4715,35,50
2025-04-10 11:55:58,0.9986421,407.2012,195.3152,96.19247,43.91776,317.0516,35,50
2025-04-10 11:56:00,0.9867331,400.0321,195.9739,97.39444,43.66645,315.24,35,50
2025-04-10 11:56:03,0.9920081,406.8831,198.0599,98.46048,44.66928,326.2056,35,50
2025-04-10 11:56:06,1.001318,410.5946,195.6113,94.99191,44.5298,321.0042,35,50
2025-04-10 11:56:09,1.004131,407.5159,198.4244,96.99635,44.0176,319.8964,35,50
2025-04-10 11:56:12,1.013919,408.3058,197.4251,93.99483,43.05727,323.2097,35,50
2025-04-10 11:56:14,0.9904725,404.5145,196.5888,96.91514,44.0219,319.8841,35,50
2025-04-10 11:56:17,0.990546,403.3332,198.9093,95.6897,43.76591,323.5943,35,50
2025-04-10 11:56:20,0.9932745,405.6608,190.2771,95.93002,43.32387,322.134,35,50
2025-04-10 11:56:23,1.0027,409.0984,196.1094,96.26861,43.81805,317.3826,35,50
2025-04-10 11:56:26,0.9798217,403.6851,195.7682,96.51058,44.01636,324.3015,35,50
2025-04-10 11:56:28,0.9943949,407.9423,195.6231,96.58261,44.06879,318.8255,35,50
2025-04-10 11:56:31,1.00677,405.7153,200.1457,98.19312,43.66843,314.9377,35,50
2025-04-10 11:56:34,0.9946846,405.326,197.0322,97.23414,44.31961,318.4834,35,50
2025-04-10 11:56:37,1.012154,407.9456,197.2563,96.60629,43.81882,323.4999,35,50
2025-04-10 11:56:40,0.980032,407.9572,197.8501,97.71562,44.36901,320.2435,35,50
2025-04-10 11:56:42,0.9947385,407.5726,198.062,96.67757,44.47956,317.4071,35,50
2025-04-10 11:56:45,1.005311,410.5844,198.6734,96.10836,43.60708,317.0843,35,50
2025-04-10 11:56:48,0.9867872,404.9624,197.8636,97.30951,43.91811,320.9745,35,50
2025-04-10 11:56:51,0.996002,407.2007,196.4473,96.91092,43.62026,322.4599,35,50
2025-04-10 11:56:54,0.9973352,410.1904,196.402,95.10256,43.72074,319.5623,35,50
2025-04-10 11:56:56,0.981783,413.2361,198.4935,96.27924,43.81671,318.4683,35,50
2025-04-10 11:56:59,1.00398,407.9275,196.6064,97.23125,43.23043,319.4959,35,50
2025-04-10 11:57:02,1.02103,411.3237,201.4403,97.31234,42.79017,323.1389,35,50
2025-04-10 11:57:05,0.9935892,406.4672,198.0494,97.06984,44.87705,326.8156,35,51
2025-04-10 11:57:08,1.005339,411.2809,201.2003,94.86976,43.16753,321.338,35,50
2025-04-10 11:57:10,1.001286,409.066,196.8335,97.21758,44.16722,318.1392,35,51
2025-04-10 11:57:13,1.007949,406.4562,199.5234,96.59184,43.86888,319.5514,35,50
2025-04-10 11:57:16,0.9776269,409.0692,195.5674,96.51276,44.01848,320.264,35,50
2025-04-10 11:57:19,0.997331,409.0667,195.8764,96.59209,43.81887,320.6731,35,51
2025-04-10 11:57:22,1.001334,415.5403,197.4454,98.08845,43.9669,321.3392,35,51
2025-04-10 11:57:24,0.9986524,407.1876,198.6806,96.67149,44.06753,321.6568,35,51
2025-04-10 11:57:27,0.9970505,407.5738,197.2127,96.83391,43.57026,324.2587,35,51
2025-04-10 11:57:30,0.9624862,406.4541,202.1915,97.72367,44.67424,323.8346,35,51
2025-04-10 11:57:33,1.002654,402.3037,201.7866,96.91058,44.21529,319.1958,35,51
2025-04-10 11:57:36,1.000005,408.3042,197.8564,95.94716,43.97044,318.4974,36,50
2025-04-10 11:57:38,1.027463,399.3461,198.8834,96.98975,44.11429,319.555,36,51
2025-04-10 11:57:41,0.9868551,409.0724,192.8159,97.8651,43.76737,318.1419,35,51
2025-04-10 11:57:44,1.002604,404.25,200.1294,95.96339,43.81961,317.4351,35,51
2025-04-10 11:57:47,1.012059,406.9134,199.7169,95.24131,43.11843,317.0724,35,51
2025-04-10 11:57:50,0.9905495,407.1919,199.0987,97.15161,44.26873,314.5485,35,51
2025-04-10 11:57:52,1.020196,405.3358,197.6471,98.69339,43.72023,318.1459,35,51
2025-04-10 11:57:55,1.00401,404.506,198.681,97.55305,43.91824,319.1321,35,51
2025-04-10 11:57:58,0.9801825,407.9335,199.302,96.2775,43.77345,317.048,35,51
2025-04-10 11:58:01,1.010693,402.7041,198.0628,97.62489,45.5313,324.9015,35,51
2025-04-10 11:58:04,1.006666,408.4882,199.3045,98.71507,43.47914,322.4074,35,51
2025-04-10 11:58:06,0.9696548,403.5784,195.1888,97.23725,43.86759,320.2617,35,51
2025-04-10 11:58:09,0.9683679,412.065,200.0356,97.54655,44.06805,315.0399,36,51
2025-04-10 11:58:12,0.9960487,409.1375,199.2971,96.27945,43.91763,326.8398,35,51
2025-04-10 11:58:15,1.000118,409.4276,201.9712,96.27652,43.57226,326.7242,36,51
2025-04-10 11:58:18,0.9973706,409.39,199.5767,97.87251,43.7696,318.4276,35,51
2025-04-10 11:58:21,1.010808,401.3957,199.485,97.93365,43.4255,322.3881,35,51
2025-04-10 11:58:23,1.010677,399.3536,198.0599,97.7147,44.1166,324.5418,35,51
2025-04-10 11:58:26,1.000028,403.0787,197.2347,96.59244,44.01876,319.9055,35,51
2025-04-10 11:58:29,0.989364,413.1758,198.0648,97.63859,44.63785,320.9825,36,51
2025-04-10 11:58:32,0.9919461,406.0203,200.4033,96.74766,44.85188,319.9593,36,51
2025-04-10 11:58:34,1.005485,401.8993,196.4046,96.74281,43.81715,322.0622,35,51
2025-04-10 11:58:37,1.014851,400.0641,199.5215,96.67188,44.41841,319.9023,35,51
2025-04-10 11:58:40,1.008146,409.8232,197.4446,96.73701,41.72738,320.9802,35,51
2025-04-10 11:58:43,0.9696455,406.0717,198.6867,97.22208,42.84349,322.4095,35,51
2025-04-10 11:58:46,1.012047,405.3323,198.6815,96.12365,44.01984,319.1966,35,51
2025-04-10 11:58:49,1.019131,398.2346,198.4741,96.51316,43.97397,320.631,35,51
2025-04-10 11:58:51,0.9879996,407.9828,198.8939,96.99342,44.46803,327.5447,35,51
2025-04-10 11:58:54,0.9916956,408.7065,200.1676,97.54704,44.57663,321.3624,35,51
2025-04-10 11:58:57,1.004118,408.3332,196.8409,97.1525,44.48391,320.6194,35,51
2025-04-10 11:59:00,0.9972983,399.7245,194.6674,98.45416,44.47921,320.6215,35,51
2025-04-10 11:59:03,1.036639,412.8609,198.062,97.23902,44.17934,319.1983,35,51
2025-04-10 11:59:05,1.002671,411.4062,197.2196,97.07612,44.27459,317.7232,36,51
2025-04-10 11:59:08,0.9919288,405.2523,197.2112,96.41203,43.31375,320.626,36,51
2025-04-10 11:59:11,0.9959233,410.8836,196.813,96.75084,44.16942,318.481,36,51
2025-04-10 11:59:14,1.008144,408.704,197.6473,95.34106,45.2403,320.2592,36,51
2025-04-10 11:59:17,0.9960593,405.3408,199.3063,97.39719,43.56524,319.9232,35,51
2025-04-10 11:59:19,1.019115,409.467,197.8632,96.59392,43.86818,317.7849,35,51
2025-04-10 11:59:22,0.9960226,411.6861,199.096,95.43536,43.81927,326.7132,36,51
2025-04-10 11:59:25,1.016109,406.442,199.9173,97.14874,44.21182,317.0575,36,51
2025-04-10 11:59:28,0.9973592,408.3149,197.207,96.67905,43.62798,318.156,36,51
2025-04-10 11:59:31,1.00931,407.5775,198.4674,96.43846,44.1167,321.3271,36,51
2025-04-10 11:59:33,1.015809,404.2062,198.2677,95.5692,44.45757,321.33,36,51
2025-04-10 11:59:36,0.986877,405.6825,198.0592,97.23056,43.26922,323.4677,36,51
2025-04-10 11:59:39,1.00121,404.6523,197.6461,96.92478,44.4245,316.6518,36,51
2025-04-10 11:59:42,0.9959705,401.9799,197.8541,96.11253,44.3088,320.9916,36,51
2025-04-10 11:59:45,1.013714,398.2862,198.4747,96.75208,43.96529,314.6875,36,51
2025-04-10 11:59:47,1.001385,406.8263,196.179,96.75507,43.96651,319.2045,36,51
2025-04-10 11:59:50,1.010611,407.9178,194.3348,96.75211,43.09407,321.3292,36,51
2025-04-10 11:59:53,1.014759,406.0899,198.8804,96.27658,43.77141,313.2802,36,52
2025-04-10 11:59:56,0.9894887,410.8337,199.2842,98.33829,43.77118,325.2557,36,52
2025-04-10 11:59:59,0.9986691,406.874,201.6013,96.36082,43.53058,318.4923,36,52
2025-04-10 12:00:01,0.9961916,406.4573,199.3768,97.82082,43.53925,322.7485,36,52
2025-04-10 12:00:04,0.9986917,410.172,200.5258,96.6732,43.72264,319.5532,36,52
2025-04-10 12:00:07,0.9972899,406.8294,198.6776,95.9007,44.01475,324.1786,36,52
2025-04-10 12:00:10,0.9987095,405.6599,199.2949,96.1293,43.42368,322.4159,36,52
2025-04-10 12:00:13,0.9970259,408.6809,197.4481,97.87256,44.73043,320.9657,36,52
2025-04-10 12:00:15,0.9946953,405.3407,198.4793,98.14395,43.81942,321.3448,36,52
2025-04-10 12:00:18,0.9932983,405.2969,196.5999,98.05337,43.37057,319.1325,36,52
2025-04-10 12:00:21,0.9879647,416.3412,195.7852,96.20306,43.96866,305.839,36,52
2025-04-10 12:00:24,1.001352,406.8317,197.2247,97.5696,44.29335,321.7053,36,52
2025-04-10 12:00:27,0.9734448,408.349,197.8507,97.15372,42.9743,319.5809,36,51
2025-04-10 12:00:29,1.005412,402.2141,200.1863,96.17127,44.32087,317.4151,36,51
2025-04-10 12:00:32,1.008348,403.8395,199.1091,96.36785,42.8649,320.2691,36,51
2025-04-10 12:00:35,0.9959675,406.8117,198.9064,97.07397,44.16975,320.6081,36,52
2025-04-10 12:00:38,0.9932545,407.1898,201.3965,96.2659,43.96913,318.4556,36,51
2025-04-10 12:00:41,0.9932756,402.2505,195.9664,98.3497,43.96917,324.544,36,51
2025-04-10 12:00:43,0.99866,412.1566,197.4611,96.66257,43.81641,320.6107,36,51
2025-04-10 12:00:46,0.9919442,407.1779,197.4379,97.91074,43.17226,328.2787,36,51
2025-04-10 12:00:49,0.9947451,410.2433,197.8918,97.23662,44.01862,334.6745,36,51
2025-04-10 12:00:52,0.9824882,406.0594,195.1411,97.15351,43.41845,321.639,36,51
2025-04-10 12:00:55,0.9877544,406.4512,198.7221,96.59264,44.17581,322.061,36,51
2025-04-10 12:00:57,0.9879747,408.3631,197.6484,96.91286,43.36948,319.9065,36,51
2025-04-10 12:01:00,0.9973188,405.6665,195.5802,96.26717,44.11995,319.5394,36,51
2025-04-10 12:01:03,1.001299,406.4435,199.549,95.3046,44.27192,319.5187,36,51
2025-04-10 12:01:06,1.010808,403.8287,197.4469,96.34992,43.8681,318.4714,36,51
2025-04-10 12:01:09,0.9947075,412.8799,198.0599,97.07229,42.63335,317.3592,36,51
2025-04-10 12:01:11,0.985256,412.4314,198.6881,96.58232,43.76726,319.9107,36,51
2025-04-10 12:01:14,1.008057,403.8893,203.9395,97.91367,44.2197,316.586,36,51
2025-04-10 12:01:17,1.00965,412.1431,190.2572,96.83295,43.86821,313.5051,36,51
2025-04-10 12:01:20,1.016496,412.237,198.905,96.35384,44.02005,319.8852,36,51
2025-04-10 12:01:23,0.9998697,405.2593,197.8495,96.75066,44.02153,318.8142,36,51
2025-04-10 12:01:25,0.990557,405.9963,202.0257,97.32542,44.66802,319.897,36,51
2025-04-10 12:01:28,1.010856,401.2672,196.8102,96.58932,44.01927,321.3602,36,51
2025-04-10 12:01:31,1.012259,395.6274,200.801,97.15095,43.569,323.8546,36,51
2025-04-10 12:01:34,1.009586,401.6694,199.5457,96.99119,43.81752,314.8641,36,51
2025-04-10 12:01:37,1.004047,404.925,197.6447,96.35234,43.86595,331.3289,36,51
2025-04-10 12:01:39,0.9960108,400.0164,199.9502,95.20586,42.65881,324.5863,36,51
2025-04-10 12:01:42,0.982682,405.3263,192.9256,94.6682,44.11753,317.4231,36,51
2025-04-10 12:01:45,0.9986676,406.8218,197.4474,95.23713,44.96511,327.3961,36,51
2025-04-10 12:01:48,0.9816315,407.5753,197.6507,96.10678,43.43067,318.4846,36,51
2025-04-10 12:01:51,0.9907114,406.9547,203.8793,96.83015,43.91979,317.3956,36,51
2025-04-10 12:01:53,0.9863006,408.0104,201.2206,97.24448,43.56048,325.3985,36,51
2025-04-10 12:01:56,0.9960328,404.5708,198.678,97.56355,43.7672,321.3221,36,51
2025-04-10 12:01:59,1.018989,398.1339,199.0963,94.54707,43.26823,327.7681,36,51
2025-04-10 12:02:02,1.006824,416.6292,195.7965,96.19299,44.93794,318.4177,36,51
2025-04-10 12:02:05,1.022073,408.9717,199.7276,97.07825,43.81866,319.1925,36,51
2025-04-10 12:02:07,1.009516,395.144,199.7301,96.42666,43.42698,318.8311,36,51
2025-04-10 12:02:10,0.9946438,406.8272,194.0878,95.94929,44.61945,322.0517,36,51
2025-04-10 12:02:13,0.9944423,406.4866,199.0957,97.46957,43.96882,321.6922,36,51
2025-04-10 12:02:16,1.005317,405.6825,197.8569,95.49745,43.41673,321.3428,36,51
2025-04-10 12:02:19,1.016294,411.721,199.9581,100.8053,45.70038,327.9075,36,51
2025-04-10 12:02:21,0.992058,407.9598,200.3898,96.67168,44.52382,314.5198,36,51
2025-04-10 12:02:24,0.98702,404.2092,198.5614,97.15018,44.26169,310.7934,36,51
2025-04-10 12:02:27,0.9947127,403.8575,194.9479,96.51385,43.96488,322.7662,36,51
2025-04-10 12:02:30,1.004011,413.6434,199.3292,97.38839,44.31754,323.0675,36,51
2025-04-10 12:02:33,1.012057,406.8259,199.7229,96.59318,44.51253,317.706,36,51
2025-04-10 12:02:35,0.997336,409.8245,196.0025,97.54752,43.96263,319.1574,36,51
2025-04-10 12:02:38,0.9840069,414.383,198.6827,96.9114,44.26642,316.3334,36,51
2025-04-10 12:02:41,0.9944901,407.5713,197.8554,96.67233,44.21752,317.7866,36,51
2025-04-10 12:02:44,0.9855984,411.6919,198.2703,96.67109,43.96757,318.1382,36,51
2025-04-10 12:02:47,1.010642,408.3654,198.697,97.15004,43.81929,317.3891,36,51
2025-04-10 12:02:49,1.006799,409.5414,200.8251,96.91308,43.40386,322.4175,36,51
2025-04-10 12:02:52,0.9986447,406.0464,196.5928,94.50523,43.81587,331.7655,36,51
2025-04-10 12:02:55,0.9932343,408.3252,197.2311,97.80634,43.42039,316.2771,36,51
2025-04-10 12:02:58,0.9958428,402.2216,197.6351,97.94408,43.45233,314.1829,36,51
2025-04-10 12:03:01,0.9932568,414.5529,191.5216,96.82988,43.14974,318.0873,36,51
2025-04-10 12:03:03,1.010735,405.7534,194.7408,95.8884,43.60954,320.6263,36,51
2025-04-10 12:03:06,1.002793,408.7156,198.8881,95.87056,43.81039,327.4735,36,51
2025-04-10 12:03:09,0.9959541,403.0804,196.7883,96.19128,44.6156,318.1182,36,51
2025-04-10 12:03:12,1.005286,409.4919,199.0958,96.35373,44.01757,301.1042,36,51
2025-04-10 12:03:15,1.014941,407.5312,197.6503,99.19135,43.03504,320.2676,36,51
2025-04-10 12:03:17,1.001357,403.8838,197.23,97.39224,43.32,319.5466,36,51
2025-04-10 12:03:20,1.002666,405.7074,197.854,97.55227,43.88327,321.3323,36,51
2025-04-10 12:03:23,0.9958794,403.4236,197.8597,96.49293,43.47275,322.0449,36,51
2025-04-10 12:03:26,1.001324,407.5701,196.2219,95.56014,43.37045,332.1102,36,51
2025-04-10 12:03:29,1.006738,407.1984,199.7078,96.8326,44.52594,322.042,36,51
2025-04-10 12:03:32,0.9767114,407.9371,197.6553,97.3893,43.62232,319.9138,36,51
2025-04-10 12:03:34,1.014876,411.6919,198.6794,97.95386,44.65527,318.488,36,51
2025-04-10 12:03:37,0.9999782,410.9263,197.6553,98.02868,43.36904,318.4929,36,51
2025-04-10 12:03:40,1.002645,409.0521,198.2699,96.75266,44.01507,320.282,36,51
2025-04-10 12:03:43,0.9960503,409.4306,194.7731,97.55071,44.01923,320.963,36,51
2025-04-10 12:03:46,0.9933744,407.9417,197.6535,97.23351,44.86611,320.6099,36,51
2025-04-10 12:03:48,0.9986702,400.8522,197.6408,96.6748,43.57028,325.9813,36,51
2025-04-10 12:03:51,0.995975,410.8976,197.6264,95.64619,44.21732,323.1265,36,51
2025-04-10 12:03:54,0.9737056,408.7596,198.5334,97.54876,43.72023,319.8844,36,51
2025-04-10 12:03:57,1.022902,407.9506,200.1373,97.3943,44.01801,323.4742,36,51
2025-04-10 12:04:00,0.9999778,403.476,199.6977,96.98919,43.27276,312.6253,36,51
2025-04-10 12:04:02,0.9986791,404.295,197.43,95.4754,43.81992,317.4094,36,50
2025-04-10 12:04:05,0.9931934,406.4582,197.4443,96.90984,44.22425,320.9788,36,51
2025-04-10 12:04:08,0.9920071,406.0637,196.6489,96.59334,44.21786,317.068,36,51
2025-04-10 12:04:11,1.009263,411.7383,198.2382,97.22131,42.77685,320.2641,36,51
2025-04-10 12:04:14,0.9904743,406.4514,191.8733,96.90911,44.41825,325.7049,36,51
2025-04-10 12:04:16,0.9947264,402.752,198.4996,96.84603,44.11038,319.9094,36,51
2025-04-10 12:04:19,0.998536,407.5357,201.8311,96.19746,44.06725,321.3295,36,50
2025-04-10 12:04:22,0.9960298,409.7993,199.6277,97.94923,43.6175,319.5593,36,50
2025-04-10 12:04:25,0.9411554,409.4264,197.2499,96.43601,43.9737,318.1291,36,51
2025-04-10 12:04:28,1.003994,409.4269,198.6754,97.31036,43.96807,321.3295,36,51
2025-04-10 12:04:30,1.021386,410.1798,196.8348,96.75308,44.11663,320.9728,36,50
2025-04-10 12:04:33,0.9884236,410.9148,197.6523,97.38831,43.72122,323.883,36,50
2025-04-10 12:04:36,1.014678,410.1941,198.6735,96.35756,43.70613,318.509,36,50
2025-04-10 12:04:39,0.9973082,409.0666,196.4263,97.30777,43.97277,320.5414,36,50
2025-04-10 12:04:42,0.9986974,403.1461,201.6053,96.03611,43.82067,320.6224,36,50
2025-04-10 12:04:44,1.009287,399.9272,197.6312,96.9136,44.06694,321.6811,36,50
2025-04-10 12:04:47,1.027787,412.1005,199.7159,96.83208,43.57309,322.4029,36,50
2025-04-10 12:04:50,0.9947051,408.3029,198.478,96.75224,44.06895,321.6905,36,50
2025-04-10 12:04:53,0.9984057,408.709,197.654,97.15362,43.37574,315.0286,36,50
2025-04-10 12:04:56,0.9947127,400.846,199.0982,98.57049,43.18426,322.0643,36,50
2025-04-10 12:04:58,1.00536,408.3206,199.515,97.15617,43.21765,321.3463,36,50
2025-04-10 12:05:01,0.9919201,405.3298,200.3072,96.75208,44.2305,321.794,36,50
2025-04-10 12:05:04,1.009136,406.4509,201.1942,96.67317,44.11879,323.4838,36,50
2025-04-10 12:05:07,1.00268,412.1241,201.9222,97.15452,43.01143,319.9138,36,50
2025-04-10 12:05:10,1.026371,407.1581,197.4381,96.83092,44.22609,315.2215,36,50
2025-04-10 12:05:12,0.9972781,401.0212,196.3591,96.5024,44.12619,323.6048,36,50
2025-04-10 12:05:15,1.005598,408.7242,194.124,97.16433,44.02167,321.7496,36,50
2025-04-10 12:05:18,0.9807208,407.1893,196.5725,96.9136,44.59135,315.2318,36,49
2025-04-10 12:05:21,1.000217,407.5702,201.0638,96.58734,43.66406,321.0031,36,49
2025-04-10 12:05:24,0.9986192,399.5337,197.4204,95.77327,44.11728,318.4297,36,49
2025-04-10 12:05:26,1.005546,404.9032,197.6363,97.33058,44.32658,319.494,36,49
2025-04-10 12:05:29,0.9776875,408.3605,197.6412,96.91424,43.76195,328.545,36,49
2025-04-10 12:05:32,1.00279,409.1702,197.1856,97.68294,43.50209,321.3924,36,48
2025-04-10 12:05:35,0.9955576,406.0273,192.6707,96.32594,43.91521,319.1534,36,48
2025-04-10 12:05:38,0.9916785,404.0231,200.23,95.772,43.55453,325.4048,36,48
2025-04-10 12:05:40,0.9889602,410.7014,196.1109,97.01112,43.65862,320.2601,36,48
2025-04-10 12:05:43,1.004369,410.3387,199.7886,97.35678,43.44148,317.6475,36,48
2025-04-10 12:05:46,0.982082,409.874,198.93,96.08532,44.63175,317.2633,36,48
2025-04-10 12:05:49,0.9958854,407.5726,199.1278,97.65516,43.39841,317.3445,36,48
2025-04-10 12:05:52,0.9959325,406.0424,197.2117,96.50243,44.47759,322.4676,36,49
2025-04-10 12:05:54,0.9917994,406.807,206.57,94.64776,43.61623,316.0732,36,49
2025-04-10 12:05:57,0.9986698,407.9847,197.6505,96.58673,44.16772,324.0574,36,49
2025-04-10 12:06:00,0.9785473,407.5779,196.8063,97.95429,43.46761,319.8871,36,49
2025-04-10 12:06:03,1.001274,411.3903,199.0804,98.48112,43.86823,316.6378,36,49
2025-04-10 12:06:06,0.993282,403.7721,197.8545,97.39494,43.10724,317.3616,36,49
2025-04-10 12:06:08,0.9826936,415.3578,196.1883,95.85477,44.07014,323.5269,36,49
2025-04-10 12:06:11,1.002631,398.3675,199.9542,95.29809,43.91858,322.0666,36,49
2025-04-10 12:06:14,0.9960142,404.9428,195.5794,97.63644,43.57085,311.2762,36,49
2025-04-10 12:06:17,1.014,401.1347,197.6522,96.87632,43.06247,321.3439,36,50
2025-04-10 12:06:20,1.000024,405.6877,200.4726,96.83319,43.51204,312.872,36,50
2025-04-10 12:06:22,1.019139,407.5739,198.0642,95.77074,43.75558,319.9209,36,50
2025-04-10 12:06:25,0.9801169,408.3271,199.3061,97.073,43.96931,319.9469,36,50
2025-04-10 12:06:28,0.9851975,409.0704,195.7971,96.59144,43.81856,321.7992,36,50
2025-04-10 12:06:31,0.9814073,403.8282,196.3878,96.10615,44.83723,321.3748,36,50
2025-04-10 12:06:34,0.9907827,407.9404,195.2395,96.51253,43.57303,315.6028,36,50
2025-04-10 12:06:36,0.9973291,405.3502,199.0949,96.27839,43.76725,324.2036,36,50
2025-04-10 12:06:39,1.017654,407.9587,195.7647,96.19769,43.96635,318.4815,36,50
2025-04-10 12:06:42,0.9973439,412.453,196.6376,96.91047,44.32348,322.7618,36,50
2025-04-10 12:06:45,1.010842,410.9784,198.2669,96.42887,43.72022,317.7712,36,50
2025-04-10 12:06:48,1.004277,406.8368,199.7,96.35955,43.96719,321.6198,36,50
2025-04-10 12:06:50,0.9893467,415.9488,198.2687,96.19118,43.02217,318.4602,36,50
2025-04-10 12:06:53,0.9638234,403.8207,198.4782,97.48471,43.71757,320.9799,36,50
2025-04-10 12:06:56,0.9986177,419.917,198.4512,94.96762,43.42282,322.0608,36,50
2025-04-10 12:06:59,0.9814657,407.1932,196.6337,96.99158,44.46363,320.6233,36,50
2025-04-10 12:07:02,0.9927124,405.3481,198.8876,94.85767,43.71507,317.4459,36,51
2025-04-10 12:07:04,1.042308,409.0298,200.1304,95.64562,43.47503,319.5705,36,50
2025-04-10 12:07:07,1.00128,404.0312,198.0628,96.20145,45.71191,318.5099,36,51
2025-04-10 12:07:10,0.9960708,407.5774,200.1092,96.82829,44.06782,318.1632,36,51
2025-04-10 12:07:13,0.9866599,407.954,199.1091,97.95275,43.6713,320.2604,36,51
2025-04-10 12:07:16,0.9798191,411.7165,198.6873,96.3491,44.68346,319.1833,36,51
2025-04-10 12:07:18,1.02077,408.3359,198.2791,95.59526,44.38387,319.8873,36,51
2025-04-10 12:07:21,1.000029,407.178,198.7094,95.94022,43.81593,323.1781,36,51
2025-04-10 12:07:24,0.9946157,407.9549,196.9969,96.26206,44.12243,319.1603,36,51
2025-04-10 12:07:27,1.027007,413.6889,199.3201,96.66871,44.47688,314.2515,36,51
2025-04-10 12:07:30,0.9960624,410.5744,200.1481,96.59281,44.01971,320.7299,36,51
2025-04-10 12:07:32,1.005275,408.6792,195.6119,96.83152,43.77015,323.8867,36,51
2025-04-10 12:07:35,0.978912,401.9552,196.0316,96.59405,43.72038,317.4344,36,51
2025-04-10 12:07:38,1.012,406.4539,199.5134,96.11898,42.99792,316.3868,36,51
2025-04-10 12:07:41,1.011968,402.0457,195.417,96.44738,43.86679,319.2053,36,51
2025-04-10 12:07:44,1.006846,410.2105,196.4232,95.29653,44.06704,319.2007,36,51
2025-04-10 12:07:46,1.025334,414.2133,194.5887,97.31074,42.52887,317.1324,36,51
2025-04-10 12:07:49,0.990563,405.7393,197.0477,97.14732,43.81783,321.3701,36,51
2025-04-10 12:07:52,0.9960811,407.9271,198.0662,95.50072,43.966,314.2579,36,51
2025-04-10 12:07:55,0.9960149,406.8424,199.5066,95.80152,43.71988,320.615,36,51
2025-04-10 12:07:58,1.009575,404.8675,198.4836,97.82351,44.01207,319.9012,36,51
2025-04-10 12:08:00,0.9973162,407.5925,199.3166,97.23759,43.96801,319.1716,36,51
2025-04-10 12:08:03,1.001302,408.6895,201.2244,98.12742,43.96832,316.7116,36,51
2025-04-10 12:08:06,1.008065,401.5925,197.6508,96.4353,43.81791,322.3876,36,51
2025-04-10 12:08:09,0.9982682,408.3351,197.6527,100.4161,44.36871,312.2253,36,51
2025-04-10 12:08:12,0.9970723,409.8596,196.4347,97.97404,45.39553,318.1184,36,51
2025-04-10 12:08:14,1.014706,412.0525,198.8843,96.27282,44.15926,319.9023,36,51
2025-04-10 12:08:17,1.020107,405.4236,198.2525,97.6339,43.81913,319.5528,36,51
2025-04-10 12:08:20,0.9921374,394.4684,196.6343,95.5684,43.72124,319.5413,36,51
2025-04-10 12:08:23,1.014612,407.881,198.2596,97.86171,43.67376,319.2202,36,51
2025-04-10 12:08:26,0.9893813,410.5734,194.2044,96.83394,44.16599,316.6886,36,51
2025-04-10 12:08:28,1.002641,413.0844,196.8432,97.07198,44.46682,320.2533,36,51
2025-04-10 12:08:31,1.002787,406.8684,197.4478,97.22472,43.87008,320.6187,36,51
2025-04-10 12:08:34,0.99201,411.2934,201.8101,96.51881,44.41283,318.8611,36,51
2025-04-10 12:08:37,1.005513,408.3351,201.1566,97.55344,44.41294,317.0556,36,51
2025-04-10 12:08:40,0.9906596,409.8292,201.0193,96.51288,43.41459,310.6386,36,51
2025-04-10 12:08:42,0.9986413,405.6782,197.8476,97.23819,44.01354,319.5125,36,51
2025-04-10 12:08:45,0.9917542,415.7721,202.5733,97.42347,44.02021,321.0018,36,50
2025-04-10 12:08:48,1.000016,403.3803,199.1566,95.4246,45.31209,312.4862,36,50
2025-04-10 12:08:51,0.9969901,412.3031,193.9859,97.07977,43.45594,322.8691,36,49
2025-04-10 12:08:54,0.974772,410.31,199.3543,97.83204,43.40408,318.793,36,49
2025-04-10 12:08:56,1.011083,409.92,198.7002,96.66805,44.12687,319.8904,36,49
2025-04-10 12:08:59,1.001363,407.9838,196.1838,97.14872,43.6556,312.7013,36,49
2025-04-10 12:09:02,1.010796,410.6059,197.645,96.19092,43.57053,319.906,36,49
2025-04-10 12:09:05,1.010757,409.8237,197.2665,97.96936,43.06893,324.2785,36,49
2025-04-10 12:09:08,0.9999961,409.0942,198.6812,96.91409,43.72598,323.8393,36,50
2025-04-10 12:09:10,1.008009,407.5701,200.5382,96.1828,44.359,314.4952,36,50
2025-04-10 12:09:13,1.001476,415.6736,196.9943,96.51387,44.06522,319.5559,36,50
2025-04-10 12:09:16,0.9839159,412.4755,198.2691,97.31018,43.2809,318.8434,36,50
2025-04-10 12:09:19,0.9682039,412.4034,198.2527,97.06925,44.01576,324.5629,36,50
2025-04-10 12:09:22,0.9881912,412.4813,196.4262,96.98268,44.06255,320.9692,36,50
2025-04-10 12:09:24,1.000094,405.3562,197.4501,96.67278,44.06691,321.3662,36,50
2025-04-10 12:09:27,1.009246,401.663,198.2706,96.59455,44.34367,317.8008,36,50
2025-04-10 12:09:30,0.9655532,404.3289,198.8788,96.20413,43.64306,324.9063,36,50
2025-04-10 12:09:33,0.9986817,414.5802,196.0432,96.91225,43.62543,315.0391,36,50
2025-04-10 12:09:36,1.000032,421.0306,198.4578,96.51697,44.06116,321.6689,36,50
2025-04-10 12:09:38,0.9921541,407.5688,200.1133,96.91451,45.41076,321.6653,36,50
2025-04-10 12:09:41,0.9922074,409.7838,197.0463,97.68879,43.62584,323.7935,36,50
2025-04-10 12:09:44,0.9935832,407.1914,197.2403,95.42641,43.96884,320.5278,36,50
2025-04-10 12:09:47,0.9986291,408.7077,201.095,97.88308,43.46811,320.6286,36,50
2025-04-10 12:09:50,0.9852968,405.3219,200.1665,97.55334,44.01733,320.2664,36,50
2025-04-10 12:09:52,0.9973496,405.3467,198.0578,96.27721,44.16824,314.9825,36,50
2025-04-10 12:09:55,1.0,406.4521,199.4924,97.22947,43.72193,317.5229,36,50
2025-04-10 12:09:58,1.027092,406.0952,197.6528,98.68211,43.6721,321.6889,36,50
2025-04-10 12:10:01,1.010616,407.1591,198.4715,97.54913,43.72109,323.0899,36,50
2025-04-10 12:10:04,0.9908458,404.2999,198.4685,97.30281,44.11546,323.4354,36,50
2025-04-10 12:10:06,1.014591,406.8451,198.4708,97.46515,43.1248,317.4247,36,50
2025-04-10 12:10:09,1.01315,402.3996,196.6464,96.36182,43.77118,320.2652,36,50
2025-04-10 12:10:12,0.9947791,405.3787,201.5517,96.98965,43.7229,319.2267,36,50
2025-04-10 12:10:15,0.9960753,410.9065,199.2811,97.54549,44.57363,320.976,36,50
2025-04-10 12:10:18,0.9934665,410.148,194.6879,95.89371,44.01656,313.6494,36,50
2025-04-10 12:10:20,0.9987267,402.319,197.8679,96.4333,44.17604,325.6406,36,50
2025-04-10 12:10:23,1.012142,403.0191,194.7703,96.6689,44.01295,312.4139,36,50
2025-04-10 12:10:26,1.015254,406.0533,200.3805,96.67278,44.27525,322.4387,36,50
2025-04-10 12:10:29,1.005689,406.4408,198.4724,98.60741,43.81663,317.0256,36,50
2025-04-10 12:10:32,1.005327,404.1917,198.8866,95.95743,43.57203,319.2051,36,50
2025-04-10 12:10:35,0.9999598,408.9668,199.3018,98.02142,43.7688,324.5448,36,50
2025-04-10 12:10:37,0.9790664,405.3394,199.7057,96.75187,43.96879,318.506,36,50
2025-04-10 12:10:40,0.9974049,409.7893,199.4897,95.16164,44.01759,321.3312,36,50
2025-04-10 12:10:43,1.01994,403.1402,193.2457,96.59788,43.95147,316.8127,36,50
2025-04-10 12:10:46,0.9973718,407.5639,199.4888,96.59056,44.01685,318.8634,36,50
2025-04-10 12:10:49,0.9909304,412.2865,199.2886,97.80652,43.77875,319.2165,36,50
2025-04-10 12:10:51,0.9923,410.1013,198.0776,98.15979,43.04387,316.1225,36,51
2025-04-10 12:10:54,0.9879703,401.7429,197.6526,96.44295,44.01419,320.603,36,51
2025-04-10 12:10:57,1.001306,411.335,195.6579,96.59703,43.48367,320.2492,36,50
2025-04-10 12:11:00,0.9857014,409.046,196.658,97.06532,44.36304,318.5342,36,51
2025-04-10 12:11:03,0.9882942,405.4832,199.0677,96.90765,43.58065,326.2064,36,51
2025-04-10 12:11:05,0.9948153,405.7612,198.469,96.67622,43.10138,319.5519,36,51
2025-04-10 12:11:08,0.9973862,400.223,195.483,97.30765,43.91844,322.007,36,51
2025-04-10 12:11:11,1.003854,410.4757,196.6653,95.76157,43.15946,319.911,36,51
2025-04-10 12:11:14,1.003844,409.7516,197.6645,96.20679,43.72557,322.3414,36,51
2025-04-10 12:11:17,1.015746,407.2081,198.8623,96.83282,43.8706,320.2595,36,51
2025-04-10 12:11:19,1.013043,412.7368,197.4599,96.84584,42.87705,318.8889,36,51
2025-04-10 12:11:22,0.9805383,408.3043,196.6743,97.53695,43.38198,320.5749,36,51
2025-04-10 12:11:25,1.007779,409.7908,196.0628,96.3674,44.39685,318.8759,36,51
2025-04-10 12:11:28,0.9948774,406.832,198.2637,95.95734,43.72365,319.552,36,51
2025-04-10 12:11:31,0.9919678,412.4192,197.0309,97.22115,44.58068,314.8669,36,51
2025-04-10 12:11:33,0.9906509,408.7426,196.2103,96.91273,43.81681,319.8185,36,51
2025-04-10 12:11:36,1.006615,410.5362,196.4721,96.27114,43.23428,320.6167,36,51
2025-04-10 12:11:39,1.004013,415.8016,198.6832,95.32511,44.12426,318.8373,36,51
2025-04-10 12:11:42,1.01361,412.7285,196.8078,98.03493,43.82135,319.555,36,51
2025-04-10 12:11:45,0.9921205,402.7993,194.0895,96.57957,43.09102,317.4697,36,51
2025-04-10 12:11:47,0.975642,404.6449,198.2598,97.62418,44.50988,319.5591,36,51
2025-04-10 12:11:50,1.014358,410.8973,196.6093,96.0412,43.91797,317.8437,36,51
2025-04-10 12:11:53,0.9947697,410.1555,195.6407,96.756,43.18,323.8264,36,51
2025-04-10 12:11:56,0.9961244,404.9965,198.668,97.14592,42.95158,320.9695,36,51
2025-04-10 12:11:59,1.00532,411.3034,197.0419,96.19693,43.57278,309.7994,36,51
2025-04-10 12:12:01,0.9933454,401.6355,202.1696,97.38339,43.71769,318.503,36,51
2025-04-10 12:12:04,0.971233,416.2313,198.0633,97.45773,43.09401,318.5316,37,51
2025-04-10 12:12:07,1.005243,392.768,199.6858,94.77836,44.16532,316.382,36,51
2025-04-10 12:12:10,1.01966,405.3977,198.8719,96.58969,43.96568,318.8722,36,51
2025-04-10 12:12:13,0.9705944,409.3989,197.461,96.75478,43.87003,320.9524,37,51
2025-04-10 12:12:15,0.9951324,404.6752,200.2382,97.27012,44.6528,326.269,37,51
2025-04-10 12:12:18,0.9883485,407.5401,199.7778,97.29921,42.77353,320.2492,37,51
2025-04-10 12:12:21,0.997419,411.5478,191.5286,97.29301,44.483,322.3174,37,51
2025-04-10 12:12:24,0.9987331,406.8213,200.3387,96.59753,43.39463,317.917,37,51
2025-04-10 12:12:27,1.002542,406.8534,188.794,97.53654,43.3037,318.5181,37,52
2025-04-10 12:12:29,1.034458,406.4801,195.269,97.14339,44.25965,326.9475,36,52
2025-04-10 12:12:32,1.006586,405.7477,198.308,95.90022,43.57867,318.1603,36,52
2025-04-10 12:12:35,1.011778,412.3414,195.0442,96.29263,44.06691,319.5551,37,52
2025-04-10 12:12:38,1.001298,401.3871,200.3508,97.22153,43.48645,317.1146,37,52
2025-04-10 12:12:41,1.009006,406.8485,196.2467,95.59336,46.34402,323.4732,36,52
2025-04-10 12:12:43,1.005186,412.3086,199.8747,94.90417,43.43761,320.9477,37,52
2025-04-10 12:12:46,0.9986955,404.6827,198.0614,97.53017,44.20889,324.8005,37,52
2025-04-10 12:12:49,1.015565,406.1184,196.8355,96.53529,43.17127,321.6353,37,52
2025-04-10 12:12:52,1.010298,411.8525,196.479,97.68091,44.01435,323.6439,37,52
2025-04-10 12:12:55,1.001245,409.3799,198.866,96.83286,43.6788,324.0973,37,52
2025-04-10 12:12:57,1.007581,413.706,201.2753,96.12683,43.87369,325.1396,37,52
2025-04-10 12:13:00,1.02485,411.505,193.1414,96.60132,44.06027,321.6096,37,52
2025-04-10 12:13:03,0.9987167,410.8241,199.4672,98.06561,44.49745,318.8855,37,52
2025-04-10 12:13:06,1.006439,406.1971,196.6633,97.52704,43.30012,322.3361,37,52
2025-04-10 12:13:09,1.012872,410.467,197.6648,98.36662,44.1072,319.5818,37,52
2025-04-10 12:13:11,1.011597,416.9417,198.0838,96.83182,44.0621,320.6168,37,52
2025-04-10 12:13:14,0.9987054,406.8522,197.6665,97.69212,43.1518,317.8869,37,52
2025-04-10 12:13:17,1.002694,408.2354,198.6544,96.21357,43.91779,320.5991,37,52
2025-04-10 12:13:20,1.003861,406.1083,196.319,96.90891,44.45709,323.6481,37,52
2025-04-10 12:13:23,0.9999754,406.5229,198.4565,98.22652,43.72823,321.9752,37,52
2025-04-10 12:13:25,0.9871835,406.1367,198.8192,97.45628,43.63261,320.6075,37,52
2025-04-10 12:13:28,1.002552,410.7973,197.2717,96.36195,43.82304,319.2397,37,52
2025-04-10 12:13:31,0.9947451,404.9968,201.0878,96.90907,43.48812,318.8828,37,52
2025-04-10 12:13:34,0.9897495,407.9319,196.8787,96.83282,43.63976,319.9223,37,52
2025-04-10 12:13:37,0.9999037,417.0861,197.8734,97.31149,43.72612,314.2398,37,52
2025-04-10 12:13:39,1.002588,409.7361,198.2603,96.75831,43.39228,318.8897,37,52
2025-04-10 12:13:42,0.9874269,406.4906,198.856,97.675,43.29692,321.9292,37,52
2025-04-10 12:13:45,0.979541,406.1107,195.0298,96.83105,43.72315,318.1753,37,52
2025-04-10 12:13:48,0.9961,412.3904,197.8983,96.27011,43.81728,323.3927,37,52
2025-04-10 12:13:51,0.9975107,405.0258,202.2604,96.1406,43.53219,316.7595,37,52
2025-04-10 12:13:53,1.011919,411.8936,199.4686,96.21861,44.50597,322.7404,37,52
2025-04-10 12:13:56,1.003993,407.1965,200.1037,96.75401,43.82175,320.2675,37,52
2025-04-10 12:13:59,1.025018,420.9984,201.7367,97.77783,43.77324,322.3523,37,52
2025-04-10 12:14:02,0.9986977,402.8485,196.2399,96.75333,44.0153,316.1523,37,52
2025-04-10 12:14:05,0.9896621,410.5012,197.6584,96.91509,43.76511,324.0962,37,52
2025-04-10 12:14:07,1.000026,404.2617,203.0101,99.51569,44.66027,315.3485,37,52
2025-04-10 12:14:10,1.006699,405.699,197.4355,97.56036,43.81786,318.498,37,52
2025-04-10 12:14:13,1.001284,414.0113,201.8952,97.24331,44.31938,328.6257,37,52
2025-04-10 12:14:16,0.9986908,413.3524,198.6759,97.2284,44.31578,322.0325,37,52
2025-04-10 12:14:19,0.9986745,407.2094,198.2908,96.26717,44.00664,321.3383,37,52
2025-04-10 12:14:21,0.9907635,410.9516,199.9527,96.75221,44.36701,320.246,37,51
2025-04-10 12:14:24,0.9973436,403.4024,197.1042,97.87953,43.66742,326.3899,37,52
2025-04-10 12:14:27,1.015107,415.7812,196.7927,96.48425,43.37429,319.5362,37,51
2025-04-10 12:14:30,0.990494,405.669,201.0695,96.4197,43.56602,319.5414,37,51
2025-04-10 12:14:33,1.0027,410.2449,201.2528,96.67159,43.52116,315.8981,37,51
2025-04-10 12:14:35,0.9959739,405.6565,198.2732,97.00041,43.76676,318.0809,37,51
2025-04-10 12:14:38,1.032445,404.9517,195.7666,96.51204,43.9186,317.0479,37,51
2025-04-10 12:14:41,0.9852949,411.0466,198.6914,96.91319,44.43686,327.5697,37,51
2025-04-10 12:14:44,0.9918543,404.8382,198.6839,96.50723,43.81728,320.9888,37,51
2025-04-10 12:14:47,0.9868784,409.4431,199.5972,97.63792,44.68547,315.1102,37,51
2025-04-10 12:14:49,0.9960088,412.4431,197.4465,97.39,43.6651,318.49,37,51
2025-04-10 12:14:52,0.9855465,408.319,198.8968,97.14853,43.96729,323.4944,37,51
2025-04-10 12:14:55,1.008137,407.941,199.486,96.33931,43.91745,322.0449,37,51
2025-04-10 12:14:58,0.98534,408.3475,199.0103,98.0167,44.01867,319.2223,37,51
2025-04-10 12:15:01,1.018968,409.8313,201.8641,96.50954,43.9678,317.7106,37,51
2025-04-10 12:15:03,0.9932903,410.4271,193.9127,96.83234,43.22066,321.3286,37,51
2025-04-10 12:15:06,0.986658,412.8845,198.4746,96.74726,43.9683,323.1208,37,51
2025-04-10 12:15:09,1.003921,413.4709,198.4735,96.75592,43.77053,321.3339,37,51
2025-04-10 12:15:12,1.00122,410.5805,200.9302,96.28184,43.6236,319.4661,37,51
2025-04-10 12:15:15,0.980502,411.2247,188.6031,96.21173,43.6743,322.6258,37,51
2025-04-10 12:15:17,1.009322,405.3588,199.9037,96.04636,44.16323,325.2633,37,51
2025-04-10 12:15:20,0.9881588,407.0906,197.8587,97.23072,44.31691,321.6858,37,51
2025-04-10 12:15:23,1.012451,405.0055,196.8379,92.89809,42.5694,320.6078,37,51
2025-04-10 12:15:26,0.9700579,407.1948,199.8739,96.67669,44.56202,318.5457,37,51
2025-04-10 12:15:29,1.006567,410.9415,198.0487,97.53729,43.86909,322.5942,37,51
2025-04-10 12:15:31,1.003929,405.0247,198.2608,97.22533,44.11987,318.1918,37,51
2025-04-10 12:15:34,0.9948577,403.5923,200.6997,97.15282,44.30816,320.2653,37,51
2025-04-10 12:15:37,0.9922773,407.5627,197.6619,97.45378,43.43402,318.9111,37,51
2025-04-10 12:15:40,0.9987381,405.0503,197.4642,97.61286,43.58339,326.1216,37,51
2025-04-10 12:15:43,0.9975316,410.0568,198.6622,97.06511,44.15911,322.354,37,51
2025-04-10 12:15:45,1.007739,411.5734,198.6592,97.6088,43.67815,325.8619,37,51
2025-04-10 12:15:48,1.007704,403.9149,197.6576,97.45533,43.38806,320.598,37,51
2025-04-10 12:15:51,0.9974071,406.8526,197.5078,96.98603,44.26284,322.0,37,51
2025-04-10 12:15:54,1.003893,408.658,191.7247,96.98775,43.622,323.0663,37,51
2025-04-10 12:15:57,1.003888,402.2792,199.8728,96.75428,44.20934,315.9594,37,51
2025-04-10 12:16:00,0.9935911,417.4306,197.8523,96.44044,43.43367,314.5424,37,51
2025-04-10 12:16:02,1.010721,398.3801,197.8478,96.99002,43.08091,319.2345,37,51
2025-04-10 12:16:05,1.016054,407.5604,200.4729,96.59638,44.01571,319.5715,37,51
2025-04-10 12:16:08,0.9633082,411.1864,201.4037,96.36591,43.92002,321.9521,37,51
2025-04-10 12:16:11,1.00129,409.7451,200.9061,97.50218,43.96615,320.9558,37,51
2025-04-10 12:16:14,0.9961445,408.2762,196.8703,96.21716,44.26057,314.4043,37,51
2025-04-10 12:16:16,1.005142,410.1008,197.2896,95.30244,44.01475,321.66,37,51
2025-04-10 12:16:19,1.001118,401.8105,196.867,97.06261,43.67973,321.2944,37,51
2025-04-10 12:16:22,0.9934771,400.2608,198.2631,95.38414,44.14994,320.6068,37,51
2025-04-10 12:16:25,0.9705066,406.132,197.4485,96.51932,43.91749,318.2223,37,51
2025-04-10 12:16:28,0.9887305,405.0587,197.6595,97.5238,43.82346,323.3667,37,51
2025-04-10 12:16:30,0.99235,406.8456,199.2505,96.82879,44.01468,317.4707,37,51
2025-04-10 12:16:33,1.029419,408.6788,193.2099,98.03485,43.91826,326.3068,37,51
2025-04-10 12:16:36,0.9961716,406.4957,197.8636,96.83109,43.53978,318.5462,37,51
2025-04-10 12:16:39,1.017002,415.9079,197.8638,96.90678,43.11361,319.5746,37,51
2025-04-10 12:16:42,1.010171,412.9247,200.4289,96.75494,44.30257,319.9214,37,51
2025-04-10 12:16:44,1.007824,407.9177,197.081,96.68334,43.80419,338.7596,37,51
2025-04-10 12:16:47,0.9999961,406.1483,200.2797,97.21632,44.25492,317.521,37,51
2025-04-10 12:16:50,1.002531,406.5194,200.2517,95.6086,43.3133,319.9646,37,51
2025-04-10 12:16:53,0.9987964,393.0812,201.0193,97.3667,43.53806,316.2397,37,51
2025-04-10 12:16:56,1.001235,403.6473,198.4493,96.37697,44.01218,322.3011,37,51
2025-04-10 12:16:58,1.01408,410.4219,202.0024,96.75529,43.63434,328.5653,37,51
2025-04-10 12:17:01,1.015338,409.0674,196.2898,97.95575,43.40591,319.5768,37,51
2025-04-10 12:17:04,0.9883472,407.925,200.437,98.15614,44.34872,319.9226,37,51
2025-04-10 12:17:07,1.012903,409.0036,197.4697,97.29305,43.34647,319.5755,37,51
2025-04-10 12:17:10,1.036201,406.8498,195.2934,96.91219,44.06308,318.5385,37,51
2025-04-10 12:17:12,0.9847232,411.5582,195.2911,96.60092,44.10997,324.1931,37,51
2025-04-10 12:17:15,1.003882,405.7593,198.0501,96.28994,44.30688,320.9648,37,51
2025-04-10 12:17:18,0.9831656,407.9341,200.1031,97.23056,43.24925,315.7797,37,51
2025-04-10 12:17:21,0.9897009,406.7847,197.6564,97.22144,43.53576,318.1958,37,51
2025-04-10 12:17:24,1.002613,408.6759,198.8553,96.37496,44.64815,322.1694,37,51
2025-04-10 12:17:26,0.9986924,418.164,198.6638,96.8285,43.34095,325.073,37,51
2025-04-10 12:17:29,1.005245,406.1258,197.0587,96.75393,44.01613,321.6468,37,51
2025-04-10 12:17:32,1.000082,408.2904,200.0782,95.97753,43.25217,322.3376,37,51
2025-04-10 12:17:35,1.014456,405.7636,198.8632,96.59412,43.91813,319.9156,37,51
2025-04-10 12:17:38,1.002625,407.1873,199.0574,95.45765,43.34935,317.5247,37,51
2025-04-10 12:17:40,0.9960967,410.0448,197.456,97.38754,43.96597,321.6311,37,51
2025-04-10 12:17:43,1.003888,406.8451,198.6675,96.60501,43.91875,322.7705,37,51
2025-04-10 12:17:46,0.9781376,406.1177,195.6654,95.45564,43.96721,321.6492,37,51
2025-04-10 12:17:49,1.001264,407.925,197.6882,98.18298,43.28359,319.5869,37,50
2025-04-10 12:17:52,0.9974091,407.5592,197.6628,95.37885,43.67584,315.7417,37,51
2025-04-10 12:17:54,1.000103,401.7771,196.6549,96.44827,43.62894,320.2662,37,50
2025-04-10 12:17:57,0.9922966,409.0144,199.8678,97.14265,43.77379,315.9371,37,50
2025-04-10 12:18:00,1.0,406.075,197.4615,98.84473,43.2906,319.5589,37,51
2025-04-10 12:18:03,0.9959663,402.8338,198.4605,96.90976,44.68695,322.0345,37,50
2025-04-10 12:18:06,1.003873,407.9205,196.4642,97.1529,44.15893,324.5428,37,50
2025-04-10 12:18:08,0.9780165,398.0179,198.0733,97.22141,44.12286,319.2166,37,50
2025-04-10 12:18:11,0.9986984,414.6762,198.2733,97.23053,43.51833,324.1758,37,50
2025-04-10 12:18:14,0.997291,405.3264,200.9671,97.24024,43.81358,315.38,37,50
2025-04-10 12:18:17,0.9947294,410.174,197.8561,96.91047,44.87129,316.3576,37,50
2025-04-10 12:18:20,1.001185,405.0146,199.1041,95.8889,43.91797,328.0368,37,50
2025-04-10 12:18:22,0.9961156,404.312,192.4358,98.61765,43.96952,316.178,37,50
2025-04-10 12:18:25,1.001166,406.8464,196.6702,96.90971,44.01486,317.5194,37,50
2025-04-10 12:18:28,1.000147,410.5697,198.0581,96.75536,43.67762,319.563,37,50
2025-04-10 12:18:31,1.00909,414.4805,197.6536,97.45246,42.7255,317.8793,37,50
2025-04-10 12:18:34,1.023482,408.2991,196.6732,95.28798,44.01448,319.5842,37,51
2025-04-10 12:18:36,0.989823,408.6526,196.8687,96.59928,44.79352,318.9119,37,51
2025-04-10 12:18:39,0.9947465,410.8181,199.2194,96.91026,44.20345,322.6494,37,51
2025-04-10 12:18:42,1.003813,405.7893,204.4391,96.52683,43.9661,319.1764,37,51
2025-04-10 12:18:45,0.9936494,406.4754,198.2579,95.9189,43.96921,320.945,37,51
2025-04-10 12:18:48,0.9813158,415.1567,201.4586,97.13726,43.20934,318.2327,37,51
2025-04-10 12:18:50,0.9874218,408.6683,198.2592,97.67492,43.96596,319.5804,37,51
2025-04-10 12:18:53,1.003789,410.4192,197.8452,98.7509,43.87071,319.9087,37,51
2025-04-10 12:18:56,0.9837404,406.8601,200.4504,97.05994,44.494,319.5941,37,51
2025-04-10 12:18:59,1.024078,410.0434,195.7403,96.23417,43.34946,319.9304,37,51
2025-04-10 12:19:02,0.9924438,405.6657,201.1712,96.75751,43.4527,321.2821,37,51
2025-04-10 12:19:04,1.02953,408.2746,197.2445,96.75264,44.33882,319.2578,37,51
2025-04-10 12:19:07,0.986467,416.5647,195.7335,97.05701,44.05965,321.3279,37,51
2025-04-10 12:19:10,0.9949841,408.9684,197.1348,95.68913,43.77598,319.2556,37,51
2025-04-10 12:19:13,0.9861861,407.5386,201.7581,97.52101,43.82409,320.5668,37,51
2025-04-10 12:19:16,0.9911482,402.96,197.0876,97.66702,43.82414,319.5883,37,51
2025-04-10 12:19:18,0.98735,406.1555,194.0505,97.20995,43.68283,317.8683,37,51
2025-04-10 12:19:21,0.9835594,406.1867,196.7029,97.83858,43.44275,320.6241,37,51
2025-04-10 12:19:24,1.001257,406.5157,198.6561,96.14848,44.73005,323.7003,37,51
2025-04-10 12:19:27,1.02327,409.3563,199.0543,96.2286,43.59201,321.6172,37,51
2025-04-10 12:19:30,0.9937192,401.5629,197.4762,96.00354,43.72768,321.6383,37,51
2025-04-10 12:19:32,0.9887226,399.443,200.8243,95.45905,43.55538,325.4134,37,51
2025-04-10 12:19:35,1.01055,412.4821,197.8629,96.28063,43.53374,321.6562,37,51
2025-04-10 12:19:38,1.011902,413.0603,198.4731,97.21848,44.3103,319.5753,37,51
2025-04-10 12:19:41,1.005235,412.1802,196.4647,96.74739,44.16388,322.7714,37,51
2025-04-10 12:19:44,0.9870746,406.8303,197.8507,96.2802,43.62739,319.5688,37,51
2025-04-10 12:19:46,0.996157,413.0578,196.2697,97.06255,43.34367,326.9209,37,51
2025-04-10 12:19:49,0.9999846,408.2865,198.8453,95.75928,43.87489,318.6496,37,51
2025-04-10 12:19:52,0.9923374,406.8436,201.2906,96.90853,43.06008,322.3268,37,51
2025-04-10 12:19:55,0.9920914,405.026,199.6993,95.89136,43.32582,323.8469,37,51
2025-04-10 12:19:58,0.9961297,402.911,195.2191,95.70404,44.43894,320.9474,37,51
2025-04-10 12:20:00,0.9936324,407.5676,199.4661,97.06428,43.82231,320.9401,37,51
2025-04-10 12:20:03,0.9987217,411.2519,196.4762,97.44853,43.43911,313.4557,37,51
2025-04-10 12:20:06,0.9811193,407.179,198.6405,96.90726,44.44193,322.7083,37,51
2025-04-10 12:20:09,1.001269,411.1354,201.5837,96.90671,44.06163,322.3053,37,51
2025-04-10 12:20:12,1.012762,406.8061,197.2781,97.13633,44.44248,318.5664,37,51
2025-04-10 12:20:14,0.9911901,407.9353,196.8801,97.50696,42.98415,320.2606,37,51
2025-04-10 12:20:17,1.020218,409.4095,191.7402,96.60565,43.77742,319.2852,37,51
2025-04-10 12:20:20,1.012767,407.8964,196.3084,96.91142,44.25388,315.5752,37,51
2025-04-10 12:20:23,0.9999637,415.0354,197.2924,96.82964,44.01251,321.2657,37,51
2025-04-10 12:20:26,1.007587,407.9122,201.7696,97.58739,43.87264,323.639,37,51
2025-04-10 12:20:28,1.006354,404.7725,199.6206,96.98042,44.24479,319.9301,37,51
2025-04-10 12:20:31,0.9887459,406.8571,195.7062,96.90768,43.72976,323.9875,37,51
2025-04-10 12:20:34,0.9937881,411.5342,196.9025,97.35863,43.91138,323.9798,37,51
2025-04-10 12:20:37,0.9987415,403.7415,198.8384,98.10535,44.2054,332.45,37,51
2025-04-10 12:20:40,0.9729887,411.8613,200.8705,97.05909,42.57948,318.2606,37,51
2025-04-10 12:20:42,1.001285,407.5733,196.5093,96.91335,43.92093,319.6398,37,51
2025-04-10 12:20:45,1.002448,410.0403,199.6241,96.15809,43.68466,321.9458,37,51
2025-04-10 12:20:48,1.005026,405.4696,197.0854,95.78516,43.7323,316.2261,37,51
2025-04-10 12:20:51,0.9937339,406.8643,198.2625,96.08304,43.45223,320.2563,37,51
2025-04-10 12:20:54,0.9935604,398.2512,198.4657,96.52338,44.26159,320.2494,37,51
2025-04-10 12:20:56,1.013116,403.992,200.7267,96.75031,43.81923,320.3111,37,51
2025-04-10 12:20:59,1.003575,403.6846,196.4721,97.21746,44.01155,321.0181,37,51
2025-04-10 12:21:02,0.990911,415.729,198.2644,97.54436,43.96582,319.9028,37,51
2025-04-10 12:21:05,1.001315,406.0748,197.6466,97.07024,43.86431,319.8994,37,51
2025-04-10 12:21:08,0.9945842,411.8466,198.5008,97.89189,44.58582,317.9703,37,50
2025-04-10 12:21:10,1.004118,405.2739,197.6353,96.42365,43.6041,323.217,37,50
2025-04-10 12:21:13,0.997223,405.6371,196.3117,96.58851,44.22985,317.6566,37,49
2025-04-10 12:21:16,1.001388,408.7479,196.3489,98.69486,45.38733,317.7289,38,48
2025-04-10 12:21:19,1.002788,409.9284,200.2279,96.6654,43.33641,321.7642,38,48
2025-04-10 12:21:22,1.000052,406.7697,197.8463,97.84264,43.91806,319.5206,38,47
2025-04-10 12:21:25,1.000021,413.9953,200.4615,96.91528,44.02267,319.5081,37,47
2025-04-10 12:21:27,1.00722,407.9615,200.4729,97.00171,44.07588,322.9204,37,47
2025-04-10 12:21:30,0.9822122,403.9207,197.1907,96.22598,44.39463,322.1506,38,46
2025-04-10 12:21:33,0.9816998,402.8348,198.5275,96.22495,43.14842,318.3921,38,46
2025-04-10 12:21:36,0.9983936,409.1124,197.2025,96.16959,43.96068,320.6332,38,46
2025-04-10 12:21:39,0.9917606,403.2798,198.3001,96.91623,44.7943,314.7032,37,47
2025-04-10 12:21:41,1.016645,405.6347,198.2725,97.66912,43.45782,315.8721,38,47
2025-04-10 12:21:44,0.9955941,407.1892,195.346,97.07832,44.17634,327.2972,38,47
2025-04-10 12:21:47,1.008303,403.1624,199.781,97.16689,44.08212,323.601,37,47
2025-04-10 12:21:50,1.015298,407.9495,200.2116,97.25256,43.20215,316.5712,38,47
2025-04-10 12:21:53,0.9837431,403.8213,197.8969,96.50583,43.56245,321.7217,37,47
2025-04-10 12:21:55,0.9932552,406.0425,194.7741,96.66784,43.86792,313.4943,37,47
2025-04-10 12:21:58,0.9878985,408.7048,197.225,96.59313,44.11841,314.248,37,47
2025-04-10 12:22:01,0.9850731,399.9891,200.8097,97.40179,44.32067,316.3332,38,47
2025-04-10 12:22:04,0.9986287,411.008,198.4754,95.64832,43.97296,317.441,38,48
2025-04-10 12:22:07,1.007988,404.5366,201.2146,96.673,43.22267,321.6736,38,48
2025-04-10 12:22:09,0.9766561,402.324,197.2204,96.27845,44.0182,314.6057,37,48
2025-04-10 12:22:12,1.002633,401.6752,197.2458,96.67064,43.76966,309.0307,38,48
2025-04-10 12:22:15,1.02025,406.0853,197.0436,97.46432,43.91174,321.6704,38,48
2025-04-10 12:22:18,0.993198,406.1046,196.6409,97.22791,44.16183,318.5069,37,48
2025-04-10 12:22:21,0.9855289,412.7011,196.8243,97.62284,44.06751,318.1688,37,48
2025-04-10 12:22:23,1.00794,408.6781,195.6177,96.36334,43.62477,320.6161,38,48
2025-04-10 12:22:26,1.00392,408.6828,196.8504,95.276,43.6264,311.9134,38,48
2025-04-10 12:22:29,1.010505,402.1412,199.9311,97.06668,43.9186,317.8275,37,48
2025-04-10 12:22:32,1.035871,407.5738,198.0654,97.30354,44.25257,323.7632,37,48
2025-04-10 12:22:35,1.010467,410.6651,197.2492,98.3645,43.87756,317.5045,38,48
2025-04-10 12:22:37,1.002585,406.0975,196.261,96.75431,43.28632,322.7274,38,49
2025-04-10 12:22:40,0.9807323,410.9048,197.5047,96.91071,43.92391,324.1582,38,49
2025-04-10 12:22:43,1.00786,408.6634,198.2682,97.06529,43.44427,320.6066,37,49
2025-04-10 12:22:46,0.9999667,409.7453,198.8621,96.43162,44.85594,317.2165,37,49
2025-04-10 12:22:49,1.008984,406.474,200.6579,96.90716,43.1888,319.9203,38,49
2025-04-10 12:22:51,1.004986,406.1098,196.8537,96.49892,44.73438,317.8251,37,49
2025-04-10 12:22:54,0.9923152,405.8956,196.4647,97.69588,42.91203,322.7423,37,49
2025-04-10 12:22:57,1.003741,406.4759,194.8678,95.43878,43.19842,317.843,38,49
2025-04-10 12:23:00,1.001288,406.1246,199.2662,96.21696,44.15585,322.3303,37,49
2025-04-10 12:23:03,1.007768,421.44,197.2664,97.46003,43.87022,324.8213,37,49
2025-04-10 12:23:05,0.9921988,408.6592,198.2627,96.6065,44.11282,318.189,37,49
2025-04-10 12:23:08,0.9783002,416.3655,200.4738,97.22653,43.77898,322.344,37,49
2025-04-10 12:23:11,0.9822268,409.5416,198.6591,96.52399,43.87034,323.9902,37,50
2025-04-10 12:23:14,0.9909628,411.5863,198.2545,97.29731,44.20997,323.0522,37,50
2025-04-10 12:23:17,0.9986676,407.2177,196.8186,95.25633,44.62366,317.0799,37,50
2025-04-10 12:23:19,1.019004,402.0534,195.2041,96.19898,43.18285,322.7636,37,49
2025-04-10 12:23:22,1.016021,408.6909,197.44,96.99134,43.81775,320.2752,37,49
2025-04-10 12:23:25,0.9959651,404.9573,201.5568,96.75311,44.47607,323.1478,37,48
2025-04-10 12:23:28,0.9958983,409.0698,195.1444,97.07397,44.01876,326.1363,38,48
2025-04-10 12:23:31,0.9734379,407.9439,197.2355,96.82932,43.91687,318.1229,37,48
2025-04-10 12:23:33,1.006682,406.0677,197.6322,97.06992,44.72065,320.2182,38,48
2025-04-10 12:23:36,0.9919371,408.3167,196.1999,97.39508,44.22586,317.7718,37,48
2025-04-10 12:23:39,0.9986218,409.82,199.9443,95.95114,43.91979,316.3779,38,47
2025-04-10 12:23:42,1.00938,408.6839,197.4447,96.83263,43.86927,315.8818,37,47
2025-04-10 12:23:45,1.004002,405.2721,197.2334,96.43237,43.03987,322.4176,38,47
2025-04-10 12:23:47,1.005292,408.3074,197.0371,96.50562,43.71935,327.7911,37,48
2025-04-10 12:23:50,1.002677,405.6996,201.7843,97.232,43.81904,323.5269,37,48
2025-04-10 12:23:53,1.027152,409.4513,197.4458,98.28889,45.01001,315.755,37,48
2025-04-10 12:23:56,1.004008,407.5613,198.0578,97.22763,44.06853,319.194,38,48
2025-04-10 12:23:59,1.014744,406.4703,197.4457,95.24374,44.11668,318.1393,37,48
2025-04-10 12:24:01,1.002644,407.9311,198.4788,96.05454,43.8183,320.6302,37,48
2025-04-10 12:24:04,1.009346,407.5712,193.963,96.75301,43.67036,322.7208,37,48
2025-04-10 12:24:07,1.010682,412.8263,197.851,97.22659,43.17216,318.4817,37,48
2025-04-10 12:24:10,0.9960396,407.148,198.2427,96.2815,44.61743,319.5653,38,48
2025-04-10 12:24:13,1.009379,411.7122,202.1662,97.36924,43.81968,321.6245,38,48
2025-04-10 12:24:15,0.9879812,399.2542,198.216,98.3651,42.93269,318.8262,38,48
2025-04-10 12:24:18,1.006852,411.4678,200.8072,97.73372,43.66548,320.6292,37,48
2025-04-10 12:24:21,0.9863554,408.7289,197.2096,97.49788,43.66322,319.2116,37,48
2025-04-10 12:24:24,0.9863828,405.6212,198.0599,95.85082,43.46022,316.2202,37,48
2025-04-10 12:24:27,0.9878598,408.348,199.1109,96.9113,43.7164,320.6236,37,47
2025-04-10 12:24:29,1.03214,404.9317,198.4754,96.67683,44.17213,322.804,37,48
2025-04-10 12:24:32,1.004238,419.6355,196.1351,97.32099,43.97221,319.5367,37,48
2025-04-10 12:24:35,0.9858841,409.8607,197.849,96.34798,43.26397,317.7179,37,48
2025-04-10 12:24:38,1.005684,406.0301,197.8488,95.53722,44.12355,316.6766,37,48
2025-04-10 12:24:41,0.9888977,401.861,199.5692,96.99793,44.53247,329.471,37,47
2025-04-10 12:24:43,0.9969886,400.7541,201.7286,99.216,43.81421,317.9964,37,47
2025-04-10 12:24:46,0.9764107,410.2756,197.414,97.16579,42.96879,321.7666,37,47
2025-04-10 12:24:49,0.9817296,407.0924,194.38,98.48853,44.13215,318.0093,37,47
2025-04-10 12:24:52,0.991646,406.7868,198.9311,96.66606,43.55333,322.8877,37,47
2025-04-10 12:24:55,0.9903649,410.3115,198.7141,97.33573,43.39218,322.8909,38,46
2025-04-10 12:24:57,0.9986131,413.4953,193.8862,97.07902,44.2267,320.2617,37,46
2025-04-10 12:25:00,0.997264,402.9807,198.4892,97.91165,43.25739,323.8804,37,47
2025-04-10 12:25:03,1.010773,406.0426,199.7501,95.68847,44.38105,323.1815,37,47
2025-04-10 12:25:06,1.019255,404.5605,193.709,97.08187,44.1191,320.6161,37,47
2025-04-10 12:25:09,1.004072,407.148,200.6167,96.83375,43.30699,324.3182,37,47
2025-04-10 12:25:11,1.001294,408.7204,197.2199,96.7524,43.27059,319.5477,37,47
2025-04-10 12:25:14,0.9840746,407.0088,198.8878,96.27174,43.41441,320.2432,37,48
2025-04-10 12:25:17,1.002699,407.5984,197.649,96.42795,43.61688,326.3518,37,48
2025-04-10 12:25:20,0.986462,408.3205,196.3997,97.07553,43.8694,316.5661,37,48
2025-04-10 12:25:23,1.008179,407.9548,196.8827,96.9956,43.1601,321.3664,37,48
2025-04-10 12:25:25,1.013872,405.619,195.5481,96.74953,43.1567,317.3777,37,48
2025-04-10 12:25:28,0.9945754,407.1841,197.6022,97.2356,44.07232,319.5477,37,48
2025-04-10 12:25:31,0.9835672,411.4799,196.604,96.83321,42.55954,314.1291,37,47
2025-04-10 12:25:34,0.99598,406.0607,192.011,95.56136,43.96801,321.721,37,47
2025-04-10 12:25:37,1.00001,402.6508,198.2813,96.19026,43.81932,321.3547,37,48
2025-04-10 12:25:39,0.9919809,407.5663,199.3122,96.35387,43.61969,319.8977,37,48
2025-04-10 12:25:42,0.9933597,405.6923,199.1126,96.82871,44.47476,315.3029,37,48
2025-04-10 12:25:45,0.9986722,403.0771,196.3857,95.63605,44.32116,323.1544,37,48
2025-04-10 12:25:48,1.010735,406.8191,197.4501,96.75354,43.33844,320.6165,37,48
2025-04-10 12:25:51,1.014866,408.7196,195.5788,96.91111,44.5589,318.8518,37,48
2025-04-10 12:25:54,0.9880016,410.8606,197.0446,96.67437,43.32699,313.2733,37,48
2025-04-10 12:25:56,1.001316,407.1991,198.2692,97.53868,43.37922,323.8134,37,48
2025-04-10 12:25:59,1.010624,405.7249,198.47,97.31408,44.31935,322.0382,37,48
2025-04-10 12:26:02,0.9706809,401.3004,199.5057,96.3567,43.66977,320.6056,37,49
2025-04-10 12:26:05,0.9938051,405.389,198.8838,96.75221,43.52885,322.3926,37,49
2025-04-10 12:26:08,1.006625,410.9277,198.6786,95.95379,43.17818,321.6682,37,49
2025-04-10 12:26:10,0.9843501,412.651,195.0349,96.83286,43.81614,309.2821,37,49
2025-04-10 12:26:13,0.9960309,406.5655,197.4441,98.4828,43.67118,325.6191,37,49
2025-04-10 12:26:16,1.002639,404.6245,196.8748,97.15151,43.52783,328.8401,37,49
2025-04-10 12:26:19,0.9996887,404.9397,198.463,96.75015,44.05397,320.638,37,49
2025-04-10 12:26:22,1.014455,409.0489,196.2413,96.53404,43.82086,318.8201,37,49
2025-04-10 12:26:24,0.9985567,407.9301,197.6682,97.07256,44.41443,322.7332,37,49
2025-04-10 12:26:27,0.9842873,403.8478,196.6503,96.83621,44.07027,329.2651,38,49
2025-04-10 12:26:30,0.9908371,410.9378,198.6776,97.30663,44.45405,320.2843,37,49
2025-04-10 12:26:33,1.004026,410.9904,200.5404,97.07444,44.32177,319.1802,37,49
2025-04-10 12:26:36,1.022091,405.227,197.0127,97.00565,43.46191,316.7047,37,49
2025-04-10 12:26:38,1.000148,406.1208,197.2184,97.39558,43.76038,323.6397,37,48
2025-04-10 12:26:41,1.007103,406.0195,200.0101,95.6667,43.60823,334.3248,37,48
2025-04-10 12:26:44,0.9944215,409.5167,196.2879,95.63493,44.38166,320.9951,37,48
2025-04-10 12:26:47,0.9878233,402.5194,199.8,95.60371,44.03404,323.2365,37,47
2025-04-10 12:26:50,0.9887444,413.8981,195.7073,95.45734,44.33463,318.4891,37,48
2025-04-10 12:26:52,1.005442,403.7787,196.8075,97.15633,44.93618,317.3129,37,48
2025-04-10 12:26:55,0.9972827,400.469,192.2194,96.99358,43.51622,316.2842,37,48
2025-04-10 12:26:58,1.014834,407.959,196.4119,96.66754,43.22417,317.0453,37,48
2025-04-10 12:27:01,0.9798194,404.211,200.7874,95.57867,44.62886,318.7881,37,48
2025-04-10 12:27:04,0.9989711,407.1993,196.8203,96.04649,44.11545,319.5572,38,48
2025-04-10 12:27:06,0.9881614,410.5454,196.8252,95.40984,43.77037,315.5456,37,48
2025-04-10 12:27:09,1.005271,403.8901,198.4746,98.34222,44.7191,317.466,37,48
2025-04-10 12:27:12,1.016083,410.1554,200.1027,95.73743,43.67445,320.61,37,48
2025-04-10 12:27:15,0.9692179,406.1094,194.4082,97.31362,43.57782,316.086,37,48
2025-04-10 12:27:18,0.9999915,411.2683,196.6429,97.36728,43.47954,322.7133,37,49
2025-04-10 12:27:20,1.001274,405.362,198.6115,96.67555,43.61887,320.9616,37,49
2025-04-10 12:27:23,0.9974037,412.3343,196.0235,97.14342,43.2998,324.7592,37,49
2025-04-10 12:27:26,0.9844172,404.643,197.0507,97.30267,43.56924,319.535,37,49
2025-04-10 12:27:29,1.009417,406.4473,202.3434,96.82394,44.06679,333.0462,37,49
2025-04-10 12:27:32,0.9948098,409.0245,198.6697,96.75369,44.01618,323.8034,37,49
2025-04-10 12:27:34,0.9909559,405.7639,199.2714,97.92841,43.66745,317.8434,38,49
2025-04-10 12:27:37,0.9935161,411.4861,196.2295,94.97836,43.9186,321.295,38,49
2025-04-10 12:27:40,1.000043,406.4845,200.0824,96.29857,43.29181,318.8801,37,49
2025-04-10 12:27:43,1.006708,409.3944,198.064,96.52605,43.87107,320.2766,37,49
2025-04-10 12:27:46,0.994827,405.756,199.4756,97.93737,43.8247,317.4877,37,49
2025-04-10 12:27:48,0.9986507,409.0224,199.0408,96.9876,43.62847,314.1687,38,49
2025-04-10 12:27:51,0.9844329,397.8589,197.2566,95.75813,43.77385,304.8365,37,49
2025-04-10 12:27:54,0.9922573,406.8492,196.6602,96.58707,44.89701,327.9974,38,49
2025-04-10 12:27:57,1.017263,410.8895,202.3988,97.30849,43.38212,321.3103,37,50
2025-04-10 12:28:00,1.001254,406.2034,199.6408,97.06476,43.91563,318.8906,38,49
2025-04-10 12:28:02,1.013027,409.4198,198.2442,97.06707,43.86998,321.2956,37,50
2025-04-10 12:28:05,0.9974297,400.9791,193.944,96.98999,44.0638,318.878,38,50
2025-04-10 12:28:08,1.001314,406.8468,196.085,97.06396,43.48806,324.1266,38,50
2025-04-10 12:28:11,1.005214,414.1912,197.0643,97.44987,43.96631,320.2585,38,50
2025-04-10 12:28:14,0.9882446,408.6636,200.8908,98.46591,42.82079,323.0168,37,50
2025-04-10 12:28:16,1.009097,399.6538,196.8759,95.50536,44.0648,318.5407,38,50
2025-04-10 12:28:19,0.9870765,405.7107,196.2272,97.23226,43.86907,319.5553,38,50
2025-04-10 12:28:22,1.00408,405.307,199.3209,97.15817,44.42272,316.623,37,50
2025-04-10 12:28:25,0.9986361,409.8763,197.0112,97.07162,43.96998,318.7523,37,49
2025-04-10 12:28:28,0.9931684,401.0118,195.7492,96.74766,44.62217,314.7842,38,49
2025-04-10 12:28:30,0.9823619,406.8237,196.6003,96.90691,43.86277,321.3488,37,49
2025-04-10 12:28:33,0.9819352,405.348,200.8279,96.27953,44.65655,321.3497,38,49
2025-04-10 12:28:36,0.9866186,408.3093,200.0958,96.59439,43.77052,313.8571,37,49
2025-04-10 12:28:39,1.011812,407.5958,197.0527,97.14842,43.52707,316.2042,37,49
2025-04-10 12:28:42,1.014605,405.668,195.6674,96.44202,44.72102,327.3218,37,49
2025-04-10 12:28:44,0.9987248,410.1776,198.8709,97.2204,43.51926,317.1559,37,50
2025-04-10 12:28:47,1.007712,410.9249,199.2839,97.36774,43.00167,319.2179,37,50
2025-04-10 12:28:50,0.993415,407.9287,198.8745,97.15255,43.67445,322.3585,38,50
2025-04-10 12:28:53,0.98833,402.0875,198.2386,96.3713,44.83945,320.2663,38,50
2025-04-10 12:28:56,0.9973733,411.5724,194.7868,96.90981,44.31301,321.6712,38,50
2025-04-10 12:28:58,1.001326,421.8124,199.2345,96.51797,43.72129,316.7691,38,50
2025-04-10 12:29:01,1.001295,415.0706,194.8584,96.749,43.57814,322.3736,38,50
2025-04-10 12:29:04,0.9895433,414.1535,198.4754,98.00387,44.26299,314.6989,38,50
2025-04-10 12:29:07,0.9947814,405.7104,196.8609,96.59737,43.73009,315.4497,38,50
2025-04-10 12:29:10,1.014476,414.8028,202.3184,96.90933,43.67548,320.5923,38,50
2025-04-10 12:29:12,1.010438,408.2881,204.333,98.09255,44.61216,318.8074,38,50
2025-04-10 12:29:15,0.9911017,398.6439,196.8671,96.67609,43.67322,324.4915,38,50
2025-04-10 12:29:18,1.019802,409.3996,200.5136,97.6156,44.11303,325.8322,38,50
2025-04-10 12:29:21,1.009277,414.2342,197.0523,96.75888,44.06659,320.2618,38,50
2025-04-10 12:29:24,0.9868423,403.1747,199.0929,96.28508,43.43238,323.4341,38,50
2025-04-10 12:29:26,0.9986813,407.5784,199.6877,96.5232,44.55019,323.403,38,50
2025-04-10 12:29:29,0.9974512,403.9001,199.4278,96.36638,43.37189,317.4915,38,50
2025-04-10 12:29:32,1.007815,406.5272,198.0837,97.22224,44.35457,322.7045,38,50
2025-04-10 12:29:35,0.9921345,407.1423,198.2658,96.04688,43.52612,319.9332,38,50
2025-04-10 12:29:38,1.0,409.0741,198.6796,95.95371,43.17008,323.5296,38,50
2025-04-10 12:29:40,1.0,409.0648,196.1988,96.42902,43.37672,322.5468,38,50
2025-04-10 12:29:43,1.001306,406.0966,198.2671,97.85641,44.86686,320.2949,38,50
2025-04-10 12:29:46,0.9762847,407.1973,198.2616,96.67243,43.72211,323.8107,38,50
2025-04-10 12:29:49,1.007852,406.8372,198.8718,97.31237,43.77279,323.4725,38,50
2025-04-10 12:29:52,0.9780495,412.7747,195.592,97.68414,44.06447,317.8456,38,50
2025-04-10 12:29:54,1.005089,404.4362,196.6674,96.91015,44.7267,319.5641,38,50
2025-04-10 12:29:57,1.007833,410.4921,199.4706,97.22179,43.72573,322.3524,38,50
2025-04-10 12:30:00,0.9692458,412.3292,199.067,97.37592,43.8201,322.3196,38,50
2025-04-10 12:30:03,1.003824,405.6649,199.4486,96.05218,44.78818,320.6541,38,51
2025-04-10 12:30:06,0.9695239,408.6549,198.6773,96.75449,44.31179,319.2249,38,51
2025-04-10 12:30:08,0.9663555,405.399,197.6625,95.13991,44.12195,321.2935,38,51
2025-04-10 12:30:11,0.9999705,407.9343,196.8656,97.14038,44.74939,318.6433,38,51
2025-04-10 12:30:14,0.9630729,407.5876,199.4579,96.37035,44.70416,313.0705,38,51
2025-04-10 12:30:17,0.9783772,407.5807,195.7011,97.37113,42.7687,321.9783,38,51
2025-04-10 12:30:20,0.9921665,408.6577,198.099,95.74168,44.51296,328.2025,38,51
2025-04-10 12:30:22,1.010493,406.8513,198.8631,97.59225,43.95874,317.5071,38,51
2025-04-10 12:30:25,1.007965,406.8412,199.2606,96.67847,44.07248,319.2257,38,51
2025-04-10 12:30:28,0.977097,412.3548,196.0673,97.29814,45.04537,322.3444,38,51
2025-04-10 12:30:31,1.00127,410.4593,196.4712,97.14786,43.62957,312.4558,38,51
2025-04-10 12:30:34,1.003882,406.4574,196.6712,97.14208,43.48348,318.8739,38,51
2025-04-10 12:30:36,1.002375,408.3275,198.4564,96.83182,44.2177,321.9829,38,51
2025-04-10 12:30:39,0.9842962,406.854,200.88,97.06449,44.69481,320.9429,38,51
2025-04-10 12:30:42,0.990902,405.4294,197.6635,96.59998,43.39453,323.6927,38,51
2025-04-10 12:30:45,0.993615,412.3489,197.858,97.06499,44.25776,319.5677,38,51
2025-04-10 12:30:48,0.9895935,401.4199,199.9261,96.44912,43.96563,321.314,38,51
2025-04-10 12:30:50,0.9987152,408.6822,195.7922,96.59337,43.47469,314.2287,38,50
2025-04-10 12:30:53,1.00269,404.9749,198.4735,98.8144,44.56892,317.4683,38,50
2025-04-10 12:30:56,0.9973611,406.5737,196.6226,96.75067,43.72368,320.9441,38,50
2025-04-10 12:30:59,0.9999961,408.6931,196.8509,96.19675,43.8121,322.701,38,50
2025-04-10 12:31:02,0.9858867,409.0402,199.7267,95.35829,44.36044,324.1405,38,50
2025-04-10 12:31:04,1.022563,406.4776,199.693,96.75502,43.62515,318.876,38,50
2025-04-10 12:31:07,1.005304,406.8414,201.2755,95.24379,44.25597,323.7698,38,51
2025-04-10 12:31:10,1.000021,408.6625,200.9197,97.68944,42.86016,330.7674,38,50
2025-04-10 12:31:13,1.003947,406.8358,199.8799,97.90718,43.87037,318.5392,38,51
2025-04-10 12:31:16,0.9883963,408.6996,199.8356,97.2972,44.01398,319.9195,38,51
2025-04-10 12:31:18,0.9962608,404.296,198.0568,98.46301,43.03915,319.2249,38,51
2025-04-10 12:31:21,1.003862,404.0482,198.47,97.77616,43.53174,317.4926,38,50
2025-04-10 12:31:24,1.000026,407.937,199.4888,97.14355,43.7252,319.9113,38,51
2025-04-10 12:31:27,0.9960689,401.4344,199.6916,97.68152,44.37334,322.7349,38,51
2025-04-10 12:31:30,0.9960541,403.9118,200.0601,97.149,43.86954,317.112,38,51
2025-04-10 12:31:32,0.9820251,410.8428,196.244,95.03237,43.82117,321.6251,38,50
2025-04-10 12:31:35,1.000009,406.1126,198.4845,97.40208,44.21144,319.2256,38,50
2025-04-10 12:31:38,1.008954,415.3648,199.101,96.59955,43.103,323.4703,38,50
2025-04-10 12:31:41,0.9909212,408.3105,197.6626,96.1404,43.2456,317.1461,38,50
2025-04-10 12:31:44,0.9987099,408.3081,198.6736,96.51823,43.04303,318.5179,38,50
2025-04-10 12:31:46,0.9958714,409.0299,197.8518,97.46036,43.62776,315.0928,38,50
2025-04-10 12:31:49,0.9947742,417.2922,195.271,97.93961,44.60984,318.8489,38,50
2025-04-10 12:31:52,0.9973843,412.3932,197.2259,95.96716,43.1326,320.6184,38,50
2025-04-10 12:31:55,1.005243,405.3305,200.1362,97.24976,43.52783,323.456,38,50
2025-04-10 12:31:58,1.005267,401.7734,197.4529,97.85818,43.85934,322.365,38,50
2025-04-10 12:32:00,1.006538,408.3263,198.6682,96.28897,43.91828,314.3161,38,50
2025-04-10 12:32:03,1.001318,407.5653,198.4698,97.22331,43.72227,316.0049,38,50
2025-04-10 12:32:06,0.9960415,405.0213,195.8461,96.91015,43.61735,314.9508,38,50
2025-04-10 12:32:09,0.9894465,403.1354,195.8083,97.15391,44.2131,325.5482,38,50
2025-04-10 12:32:12,1.010557,405.7475,195.6476,96.81434,43.9199,313.9838,38,50
2025-04-10 12:32:14,1.000018,409.4099,197.8645,96.20377,44.0169,318.1357,38,50
2025-04-10 12:32:17,0.986845,409.4284,196.2881,95.72408,44.06987,327.6009,38,50
2025-04-10 12:32:20,1.009494,408.3325,197.4228,97.23883,43.51596,320.9934,38,50
2025-04-10 12:32:23,1.012383,400.418,201.3828,96.50575,43.51143,322.4726,38,50
2025-04-10 12:32:26,0.9918581,404.0542,199.7887,96.58335,44.37993,315.8811,38,49
2025-04-10 12:32:28,1.028133,407.9515,196.552,98.60007,43.81423,315.307,38,48
2025-04-10 12:32:31,1.009932,412.521,196.7917,96.91154,43.70225,321.7311,38,48
2025-04-10 12:32:34,1.006835,411.4083,198.2682,96.75097,43.71507,326.7257,38,48
2025-04-10 12:32:37,1.00826,408.3235,195.8082,96.50652,43.56614,319.5339,38,48
2025-04-10 12:32:40,1.00811,408.6814,194.5173,97.07513,43.35221,322.1168,38,48
2025-04-10 12:32:42,1.009511,409.4614,197.6447,97.48704,43.7175,319.1858,38,48
2025-04-10 12:32:45,1.004055,406.0791,198.2759,97.15146,43.03345,317.0494,38,48
2025-04-10 12:32:48,0.9934071,408.3033,196.6346,95.34798,43.67298,320.2892,38,48
2025-04-10 12:32:51,1.006616,403.1422,197.6545,96.66982,44.11628,319.5453,38,48
2025-04-10 12:32:54,0.988064,403.8437,199.0828,96.99084,43.5273,318.5125,38,48
2025-04-10 12:32:57,0.9973847,405.6697,200.7465,96.51879,44.60288,320.2984,38,49
2025-04-10 12:32:59,1.001258,411.6139,199.079,97.06934,44.11325,316.0288,38,49
2025-04-10 12:33:02,1.012004,404.2939,201.5563,97.29157,43.67288,318.5202,38,49
2025-04-10 12:33:05,0.9946699,410.5204,197.4582,97.62753,44.16236,317.4654,38,49
2025-04-10 12:33:08,1.006566,408.6792,199.681,97.78321,43.38612,317.4943,38,49
2025-04-10 12:33:11,1.002622,414.5445,198.6611,96.5991,44.36517,322.6989,38,49
2025-04-10 12:33:13,0.9947332,409.7854,197.2442,97.45856,44.2765,325.5839,38,49
2025-04-10 12:33:16,1.00657,408.6685,196.6486,97.3803,43.47975,322.3896,38,49
2025-04-10 12:33:19,0.9790901,404.284,199.2498,95.33193,44.11412,320.9328,38,49
2025-04-10 12:33:22,0.9777795,404.647,197.8556,97.06841,43.81991,317.8022,38,49
2025-04-10 12:33:25,0.9894382,409.411,201.0845,96.44226,44.21233,326.6797,38,49
2025-04-10 12:33:27,0.9934336,410.8683,197.2583,97.30032,44.50766,318.1841,38,49
2025-04-10 12:33:30,1.00651,400.6384,194.0794,95.91479,43.80762,325.9267,38,49
2025-04-10 12:33:33,0.9805311,407.5737,198.0593,96.90123,43.96638,318.5464,38,49
2025-04-10 12:33:36,0.9857048,414.3257,198.8706,95.41447,43.77389,320.9612,38,49
2025-04-10 12:33:39,0.9986764,410.8958,197.645,97.38256,44.06387,318.85,38,49
2025-04-10 12:33:41,0.9920687,404.6053,197.0588,97.45848,44.01555,319.9701,38,49
2025-04-10 12:33:44,0.9922728,410.1385,195.7262,96.36812,43.96791,317.0882,38,49
2025-04-10 12:33:47,1.006536,407.9306,198.6404,97.29317,44.20884,321.3168,38,49
2025-04-10 12:33:50,1.01903,407.5773,197.0569,96.66371,43.00619,320.2675,38,49
2025-04-10 12:33:53,0.992734,403.1991,199.5046,96.51861,44.45403,318.5032,38,49
2025-04-10 12:33:55,0.9947697,405.746,197.6636,95.58039,43.57374,337.3498,38,49
2025-04-10 12:33:58,1.003915,408.3016,198.6673,97.14419,44.11566,323.7693,38,49
2025-04-10 12:34:01,0.990919,401.2397,199.6847,99.31992,43.67326,323.4477,38,49
2025-04-10 12:34:04,0.9987659,407.9397,198.8732,96.44255,43.8201,329.4549,38,49
2025-04-10 12:34:07,0.9973855,409.0247,199.461,97.37923,43.57906,323.0549,38,49
2025-04-10 12:34:09,1.005208,403.9306,197.0646,96.75406,43.43556,310.6389,38,49
2025-04-10 12:34:12,0.9896787,414.1608,200.4855,96.67265,43.96767,318.1589,38,50
2025-04-10 12:34:15,0.998965,406.8202,197.6604,96.60172,43.92,320.2582,38,50
2025-04-10 12:34:18,0.9884222,407.6013,198.1269,97.29784,43.20189,322.99,38,50
2025-04-10 12:34:21,1.014416,407.9361,200.4876,95.90326,43.96708,314.0275,38,50
2025-04-10 12:34:23,0.994874,406.8547,194.7707,98.231,43.87725,318.1998,38,50
2025-04-10 12:34:26,1.020508,409.3642,196.4821,95.9735,44.7939,323.3976,38,50
2025-04-10 12:34:29,1.011327,407.924,198.6599,96.75229,43.86121,314.1649,38,50
2025-04-10 12:34:32,1.007754,408.6472,196.8703,96.74711,43.96621,321.6363,38,50
2025-04-10 12:34:35,0.9833545,416.6466,200.6627,96.7493,43.29507,321.9751,38,50
2025-04-10 12:34:37,0.9949097,409.0276,198.051,95.60526,43.49016,316.86,38,50
2025-04-10 12:34:40,0.983415,407.9324,197.2711,96.59894,43.52441,319.9232,38,50
2025-04-10 12:34:43,0.9772755,406.1462,197.8491,97.002,43.51088,317.5739,38,50
2025-04-10 12:34:46,0.985743,409.3571,200.4836,98.80656,43.30122,320.6114,38,50
2025-04-10 12:34:49,1.003958,409.0455,199.9015,95.50618,43.96961,321.3116,38,50
2025-04-10 12:34:51,1.003938,400.9321,198.2592,96.75664,43.86971,319.5608,38,50
2025-04-10 12:34:54,0.9987019,408.3049,198.06,96.51897,44.01609,319.2238,38,50
2025-04-10 12:34:57,1.006413,406.4882,195.257,97.4503,43.82336,316.4268,38,50
2025-04-10 12:35:00,0.9987095,406.1222,196.8693,97.14146,42.73546,319.0237,38,50
2025-04-10 12:35:03,1.001294,406.8379,198.4599,96.51995,43.0114,316.7649,38,50
2025-04-10 12:35:05,1.01721,410.9229,200.1164,96.67548,43.39652,320.2711,38,50
2025-04-10 12:35:08,0.9880279,406.8296,198.0511,97.98388,43.91829,322.7372,38,50
2025-04-10 12:35:11,1.002667,403.1099,196.2276,98.28613,43.57411,318.1484,38,50
2025-04-10 12:35:14,0.9920668,413.9788,202.8841,97.70034,43.46957,319.9259,38,50
2025-04-10 12:35:17,0.9945732,406.8375,196.8529,96.59529,44.11332,320.9654,38,50
2025-04-10 12:35:19,0.9920081,406.8331,195.3618,97.63364,43.38439,322.3723,38,50
2025-04-10 12:35:22,1.005879,410.8321,197.0449,96.51678,43.72362,320.9405,38,50
2025-04-10 12:35:25,0.9935332,405.7502,200.0225,95.9746,43.29181,324.5044,38,50
2025-04-10 12:35:28,1.002669,401.9438,199.8758,95.76238,43.09792,323.4223,38,50
2025-04-10 12:35:31,0.9987289,410.1589,198.266,96.91013,43.87044,316.7831,38,50
2025-04-10 12:35:33,0.9987107,408.6595,204.3173,96.98114,43.77573,317.5157,38,50
2025-04-10 12:35:36,0.9987244,407.2204,197.2619,96.21664,44.50214,318.8904,38,50
2025-04-10 12:35:39,1.019791,405.7596,197.2743,95.91812,43.68024,316.7987,38,50
2025-04-10 12:35:42,0.9922728,409.3928,201.1029,97.0633,44.06776,322.6714,38,50
2025-04-10 12:35:45,1.009131,406.1506,198.2642,97.06124,44.6912,320.6037,38,50
2025-04-10 12:35:47,1.010168,409.0801,199.0758,97.29435,44.06853,326.5479,38,50
2025-04-10 12:35:50,0.9786347,405.0427,198.062,96.90826,43.05267,320.9783,38,50
2025-04-10 12:35:53,1.023306,413.3637,197.0697,96.83234,43.29659,321.6432,38,50
2025-04-10 12:35:56,1.000206,412.3562,196.6671,96.91238,43.8725,315.4888,38,50
2025-04-10 12:35:59,0.9987293,405.4173,198.8576,96.29036,43.91875,319.9154,38,50
2025-04-10 12:36:01,1.005158,407.1681,200.0235,97.3714,43.68783,319.9122,38,50
2025-04-10 12:36:04,0.9935793,406.8619,198.3419,97.61156,44.01323,319.2369,38,50
2025-04-10 12:36:07,0.9948656,403.2792,198.2588,96.3036,44.01075,320.2672,38,50
2025-04-10 12:36:10,0.9961491,415.8736,204.6022,97.13944,43.5855,316.4905,38,50
2025-04-10 12:36:13,0.9961939,406.5425,196.7941,97.52259,43.77942,320.2629,38,50
2025-04-10 12:36:15,0.991739,405.4548,198.2604,96.14603,43.63289,317.8554,38,50
2025-04-10 12:36:18,0.9860149,408.279,195.8518,97.6878,45.01164,321.2428,38,50
2025-04-10 12:36:21,0.9833171,406.8477,195.1935,96.83081,43.43256,315.7339,38,50
2025-04-10 12:36:24,1.01705,407.9367,198.8662,97.22154,43.86891,320.9482,38,50
2025-04-10 12:36:27,1.001313,403.9541,199.4907,94.86046,43.85223,322.6761,38,50
2025-04-10 12:36:29,1.020638,406.1397,200.4605,97.0568,44.15913,324.4274,38,50
2025-04-10 12:36:32,0.9935668,410.4164,197.0695,96.99353,43.91687,318.2177,38,50
2025-04-10 12:36:35,1.020676,413.38,197.0707,96.98826,44.4977,323.0881,38,50
2025-04-10 12:36:38,1.00127,408.9959,200.0863,97.29777,43.91966,319.586,38,50
2025-04-10 12:36:41,0.9859647,406.5059,198.0555,98.37979,43.6306,319.2306,38,50
2025-04-10 12:36:44,0.9949407,407.5007,197.2313,96.37333,43.91951,325.4549,38,50
2025-04-10 12:36:46,0.9844501,406.8485,198.2617,95.68505,42.90855,318.5503,38,50
2025-04-10 12:36:49,0.994759,404.3062,199.061,96.74303,43.77418,317.5298,38,50
2025-04-10 12:36:52,0.9895769,403.3563,199.6596,97.83884,44.15978,321.5743,38,50
2025-04-10 12:36:55,1.00256,405.3799,198.2743,97.83914,44.25665,321.994,38,49
2025-04-10 12:36:58,0.988464,406.4876,198.2606,97.13412,43.34912,325.8384,38,49
2025-04-10 12:37:00,0.9897785,407.5758,197.2274,98.14781,43.29688,321.9817,38,49
2025-04-10 12:37:03,0.9923227,400.348,198.8566,97.14019,43.67553,314.3268,38,49
2025-04-10 12:37:06,1.02083,406.1189,201.3006,96.44408,44.60245,321.3196,38,49
2025-04-10 12:37:09,0.9824299,406.8445,198.4655,97.30105,44.31489,324.4079,38,49
2025-04-10 12:37:12,0.9934319,410.184,199.0966,96.44775,43.58152,321.5561,38,49
2025-04-10 12:37:14,0.9407993,408.6634,197.6596,96.67532,44.45152,318.5536,38,49
2025-04-10 12:37:17,1.005189,407.2133,197.8653,96.36388,44.30797,317.8618,38,49
2025-04-10 12:37:20,0.9378633,406.0759,200.5105,94.83018,44.06039,312.3837,38,49
2025-04-10 12:37:23,1.003833,409.3651,199.0641,96.90508,43.91969,327.8266,38,49
2025-04-10 12:37:26,0.9871527,417.4807,198.859,97.06293,44.11129,318.2029,38,49
2025-04-10 12:37:28,1.025443,407.5642,201.063,98.13152,44.10951,327.9529,38,49
2025-04-10 12:37:31,0.9961552,408.2884,200.0243,97.74419,42.20197,319.5797,38,49
2025-04-10 12:37:34,0.9935975,405.4629,197.6627,96.83234,43.67878,320.2828,38,49
2025-04-10 12:37:37,1.013044,405.4039,198.2635,97.29118,44.76284,319.9342,38,50
2025-04-10 12:37:40,0.9987088,410.0974,196.0735,95.39572,44.45097,322.3829,38,49
2025-04-10 12:37:42,0.9898626,407.5803,199.2343,97.76328,43.58782,325.4163,38,50
2025-04-10 12:37:45,1.008969,406.1445,196.0893,97.84081,43.72711,320.2606,38,50
2025-04-10 12:37:48,1.010336,408.9897,199.2901,96.53375,43.91844,319.9686,38,50
2025-04-10 12:37:51,0.9961601,408.2827,199.5802,97.37391,43.7301,319.5764,38,50
2025-04-10 12:37:54,0.9885401,407.9183,200.4048,97.82532,43.96581,317.8995,38,50
2025-04-10 12:37:56,1.001454,408.9971,198.8438,97.85828,44.42318,322.2983,38,50
2025-04-10 12:37:59,0.9987689,405.0689,202.3322,96.44271,44.15594,320.9596,38,50
2025-04-10 12:38:02,0.9923704,408.2842,198.6272,97.66348,43.87076,321.2765,38,50
2025-04-10 12:38:05,1.014032,406.8816,197.0764,97.94863,44.58342,308.3556,38,50
2025-04-10 12:38:08,1.009103,404.3472,198.0594,97.92054,43.0602,320.2617,38,50
2025-04-10 12:38:10,0.997385,397.1674,198.9029,96.45497,43.39583,320.6042,38,50
2025-04-10 12:38:13,1.013993,398.0214,198.4703,96.91031,44.11301,322.6098,38,50
2025-04-10 12:38:16,0.9961567,403.6289,198.0698,96.90891,43.67482,321.971,38,50
2025-04-10 12:38:19,0.9989017,408.2915,197.6686,97.61322,44.15959,323.6833,38,50
2025-04-10 12:38:22,1.001307,406.495,201.8951,97.21436,43.72703,317.8486,38,50
2025-04-10 12:38:24,1.010428,403.2238,197.2501,96.67847,43.8686,319.5772,38,50
2025-04-10 12:38:27,0.992299,411.2244,200.4481,97.67484,44.5353,316.1951,38,50
2025-04-10 12:38:30,1.002298,404.7462,198.6624,97.06526,43.44472,318.5121,38,50
2025-04-10 12:38:33,1.014199,409.7079,197.666,97.13985,43.39168,324.115,38,50
2025-04-10 12:38:36,1.009052,409.3893,197.468,96.28275,43.82125,316.4842,38,50
2025-04-10 12:38:38,1.002491,405.0959,200.09,96.36753,43.92918,320.9568,38,50
2025-04-10 12:38:41,0.9987046,409.3853,198.6739,96.83882,43.8144,320.6031,38,49
2025-04-10 12:38:44,0.9974326,400.7195,194.163,95.88908,43.67716,323.0737,38,49
2025-04-10 12:38:47,1.031762,407.2057,201.744,96.98563,43.48615,322.7017,38,49
2025-04-10 12:38:50,1.014413,410.5615,198.0493,97.46335,44.06591,322.9452,38,49
2025-04-10 12:38:52,0.9961065,407.5688,201.1725,96.83025,42.93988,318.8843,38,49
2025-04-10 12:38:55,1.008034,408.6859,201.7884,96.122,44.42003,324.8966,38,49
2025-04-10 12:38:58,1.004029,406.4286,201.2052,97.47376,43.81786,322.0401,38,49
2025-04-10 12:39:01,1.016486,408.6677,197.4405,95.95187,44.12295,326.4749,38,49
2025-04-10 12:39:04,1.008144,412.0939,198.5035,97.33511,43.91707,318.7897,38,49
2025-04-10 12:39:06,1.006754,405.6865,197.4749,99.02213,43.72124,327.0118,38,49
2025-04-10 12:39:09,0.9809725,410.2971,199.778,97.07732,44.79935,314.7803,38,49
2025-04-10 12:39:12,1.001306,406.4309,201.8956,96.58684,43.30514,323.2076,38,48
2025-04-10 12:39:15,0.9811383,412.1698,197.8526,98.78437,44.47271,314.3709,38,48
2025-04-10 12:39:18,1.006719,403.8199,199.5219,96.99347,43.56646,316.036,38,48
2025-04-10 12:39:20,1.006806,400.1092,197.6674,95.54832,43.57306,320.9965,38,48
2025-04-10 12:39:23,1.010782,404.2282,196.4086,97.7895,44.22533,315.2853,38,48
2025-04-10 12:39:26,0.9988907,404.6881,199.5066,95.45214,43.42299,319.1982,38,48
2025-04-10 12:39:29,1.009251,404.6032,199.5105,97.07069,43.81953,315.1678,38,48
2025-04-10 12:39:32,1.002626,403.1143,196.8335,96.83205,43.57494,319.8994,38,48
2025-04-10 12:39:34,0.9960616,408.6718,198.0599,97.70377,43.38086,321.6791,38,48
2025-04-10 12:39:37,0.9830315,407.57,195.625,97.06726,42.88956,319.9164,38,48
2025-04-10 12:39:40,1.013318,409.0365,196.028,96.60692,43.77502,316.4502,38,48
2025-04-10 12:39:43,0.9935173,406.4826,199.2752,96.9105,44.26072,322.0102,38,48
2025-04-10 12:39:46,0.9918055,409.7678,201.0939,96.44255,43.52563,323.1345,38,48
2025-04-10 12:39:48,0.9907918,409.3314,199.0792,97.62003,44.41473,324.5613,38,48
2025-04-10 12:39:51,1.006601,409.3989,199.0916,96.59786,44.21606,320.6082,38,48
2025-04-10 12:39:54,0.9742672,406.0955,198.6407,97.86484,44.24828,325.2119,38,48
2025-04-10 12:39:57,1.016308,409.7112,199.7088,96.7519,43.67498,322.3764,38,48
2025-04-10 12:40:00,0.9986382,408.7163,201.4368,95.69888,43.81919,320.5267,38,48
2025-04-10 12:40:02,0.9836837,408.3342,197.1811,96.42505,44.96251,320.9933,38,48
2025-04-10 12:40:05,1.006866,403.3151,191.5774,95.85185,43.97556,317.6985,38,48
2025-04-10 12:40:08,1.004149,406.0361,199.1227,97.24141,44.12273,318.8171,38,47
2025-04-10 12:40:11,0.9918437,413.7315,200.4255,96.74908,43.81723,322.0701,38,48
2025-04-10 12:40:14,1.01886,410.6327,198.0641,97.47684,44.21967,315.522,38,48
2025-04-10 12:40:16,1.00537,403.8831,198.0612,96.27177,43.42934,317.5281,38,48
2025-04-10 12:40:19,1.006943,411.6985,196.6021,96.51048,42.07665,322.7715,38,48
2025-04-10 12:40:22,1.004031,406.2651,197.0319,96.82991,43.56984,312.7534,38,48
2025-04-10 12:40:25,1.011954,399.8644,195.4341,97.77724,43.37217,323.5184,38,48
2025-04-10 12:40:28,1.025643,408.6706,200.3281,97.07298,43.96783,321.3311,38,48
2025-04-10 12:40:30,1.006749,410.2109,192.5642,97.30933,43.61599,320.257,38,48
2025-04-10 12:40:33,0.9826664,403.0275,198.0585,96.51551,43.57406,327.0179,38,48
2025-04-10 12:40:36,1.006547,403.818,198.0459,96.43541,43.96828,335.2652,38,48
2025-04-10 12:40:39,0.9986905,406.4536,198.6814,97.71086,44.1225,317.8966,38,48
2025-04-10 12:40:42,0.9986932,406.8351,199.5073,95.32213,44.11874,322.0318,38,48
2025-04-10 12:40:44,1.002653,406.4644,199.5019,96.99358,44.31224,316.3801,38,48
2025-04-10 12:40:47,0.9960552,407.9352,190.7628,96.12502,43.81929,322.4846,38,48
2025-04-10 12:40:50,0.9960426,408.2952,198.8799,96.98473,43.96886,322.4033,38,48
2025-04-10 12:40:53,1.003912,406.4659,199.4998,96.44614,43.92287,322.0178,38,48
2025-04-10 12:40:56,0.9894522,403.8845,197.6484,97.62868,44.263,322.7168,38,48
2025-04-10 12:40:58,1.013195,410.1512,198.4664,97.46236,44.66707,324.8588,38,48
2025-04-10 12:41:01,1.010712,407.9464,198.6848,98.11821,43.09306,318.0418,38,48
2025-04-10 12:41:04,1.005422,402.4184,197.8663,97.56783,44.01959,322.1481,38,48
2025-04-10 12:41:07,0.9945716,406.0546,198.6851,96.0267,43.42969,319.5384,38,48
2025-04-10 12:41:10,0.9908752,407.5726,197.0244,96.66969,43.66927,319.1909,38,48
2025-04-10 12:41:12,0.9835482,410.2335,197.2078,96.24926,43.82325,320.9803,38,48
2025-04-10 12:41:15,0.987826,409.4863,196.4537,96.26167,43.71564,326.4155,38,48
2025-04-10 12:41:18,1.015007,404.9243,198.0634,97.78961,43.62487,320.621,38,48
2025-04-10 12:41:21,0.9654275,403.8102,198.4838,95.29533,43.52162,320.3079,38,48
2025-04-10 12:41:24,0.9893941,407.5688,197.4795,96.18863,44.05075,320.9545,38,48
2025-04-10 12:41:26,0.9812882,407.1812,195.3777,96.67347,43.97366,319.5211,38,48
2025-04-10 12:41:29,1.020432,406.4518,199.1084,95.5694,43.61934,311.3534,38,48
2025-04-10 12:41:32,1.014879,409.8335,196.2188,97.78694,44.16542,316.7139,38,48
2025-04-10 12:41:35,1.003602,405.323,199.0933,96.5927,44.07109,322.3952,38,48
2025-04-10 12:41:38,0.9960305,405.3548,197.87,96.43607,43.81783,321.6122,38,48
2025-04-10 12:41:40,0.981577,407.2052,199.2918,97.31685,43.62352,319.2098,38,48
2025-04-10 12:41:43,0.9842484,409.4102,197.6773,97.30559,43.47394,326.3352,38,48
2025-04-10 12:41:46,1.022636,407.58,199.9021,98.13431,42.8522,318.5061,38,48
2025-04-10 12:41:49,1.01987,405.7808,201.72,95.89711,43.77196,320.2663,38,48
2025-04-10 12:41:52,1.017741,407.933,197.4807,98.64112,43.82109,320.6184,38,48
2025-04-10 12:41:54,1.006602,408.306,196.0325,96.28736,44.55008,316.0933,38,48
2025-04-10 12:41:57,0.9897148,404.9986,195.6315,97.13863,42.74636,327.0327,38,48
2025-04-10 12:42:00,1.015997,411.2777,199.6919,97.61871,43.9677,318.1757,38,48
2025-04-10 12:42:03,0.9682468,406.4882,196.2501,96.51546,44.01617,319.7725,38,48
2025-04-10 12:42:06,1.002627,404.2781,203.0228,96.13055,43.82006,317.4715,38,48
2025-04-10 12:42:08,1.006624,407.9435,199.3129,96.45753,43.97283,320.998,38,48
2025-04-10 12:42:11,0.9921367,411.2656,198.062,95.8112,43.67043,316.7836,38,48
2025-04-10 12:42:14,0.9932692,402.038,197.6432,98.1917,43.57361,315.8978,38,48
2025-04-10 12:42:17,0.993418,410.9188,200.1565,97.146,43.96625,319.2091,38,48
2025-04-10 12:42:20,1.013137,407.5485,198.6756,97.2268,44.50483,327.1437,38,48
2025-04-10 12:42:23,0.9986798,409.8444,195.8307,96.67196,44.1676,321.3419,38,48
2025-04-10 12:42:25,0.9946903,405.6953,197.6441,96.83512,43.61887,317.4347,38,48
2025-04-10 12:42:28,0.9957365,409.8945,203.2859,97.23706,42.7688,320.2688,38,48
2025-04-10 12:42:31,1.000027,408.3173,195.6035,97.1513,44.67246,318.8533,38,48
2025-04-10 12:42:34,1.00537,409.0588,199.09,96.4939,43.07572,318.1345,38,48
2025-04-10 12:42:37,0.996043,414.068,199.0919,97.0092,43.91927,313.6426,38,48
2025-04-10 12:42:39,1.001318,403.8425,195.2137,97.71343,44.60932,319.2037,38,48
2025-04-10 12:42:42,1.013111,412.0505,202.6768,95.95882,43.62356,326.2254,38,48
2025-04-10 12:42:45,0.9800111,406.9525,201.5504,96.35908,44.11661,316.3807,38,48
2025-04-10 12:42:48,0.9854977,412.8893,201.8034,97.46883,43.57335,324.1281,38,48
2025-04-10 12:42:51,0.9933547,406.0864,195.1584,96.51501,43.56509,322.0424,38,48
2025-04-10 12:42:53,1.017642,413.8738,198.6841,96.67426,43.4226,321.334,38,48
2025-04-10 12:42:56,0.9960119,409.3468,194.6426,97.23029,43.68081,312.8924,38,48
2025-04-10 12:42:59,1.008296,408.6817,196.2249,95.98138,44.01525,322.7472,38,48
2025-04-10 12:43:02,0.9710879,408.7229,198.4779,96.75409,42.84579,314.3041,38,48
2025-04-10 12:43:05,0.9934385,409.7865,200.3237,98.43389,44.66105,318.4996,38,48
2025-04-10 12:43:07,0.996056,409.4362,198.4507,96.98383,43.9794,322.7416,38,48
2025-04-10 12:43:10,0.9880606,407.5737,193.7894,97.1516,43.72655,320.248,38,48
2025-04-10 12:43:13,0.9735774,402.7407,197.2481,96.9921,43.81927,320.6197,38,48
2025-04-10 12:43:16,1.006549,410.834,196.6419,97.85122,43.27771,318.8569,38,48
2025-04-10 12:43:19,0.9920891,410.2169,196.6316,100.1588,44.51791,321.3493,38,48
2025-04-10 12:43:21,1.006678,407.5649,197.4051,97.0721,43.86784,329.3825,38,48
2025-04-10 12:43:24,0.9905363,406.8105,198.4782,96.91182,44.02106,320.2552,38,48
2025-04-10 12:43:27,0.9920218,405.3568,199.5467,96.27274,43.02133,313.6667,38,48
2025-04-10 12:43:30,0.9812338,409.0976,198.6897,96.2685,44.41993,327.9636,38,48
2025-04-10 12:43:33,0.9891628,405.6254,199.3242,97.48056,43.92741,316.2614,38,48
2025-04-10 12:43:35,0.9986611,407.1891,196.822,97.07378,43.96894,319.1863,38,47
2025-04-10 12:43:38,0.9892758,412.9,197.2416,96.75256,43.91946,324.592,38,47
2025-04-10 12:43:41,0.9917753,407.5801,199.1028,96.51256,43.51853,315.965,38,47
2025-04-10 12:43:44,1.002616,400.8797,197.2196,97.55083,43.9258,328.5324,38,47
2025-04-10 12:43:47,0.9987476,411.7035,197.4507,95.32117,43.91336,322.3921,38,48
2025-04-10 12:43:49,1.014894,409.0651,195.1114,96.98494,43.82145,323.8293,38,48
2025-04-10 12:43:52,0.9987343,410.21,197.442,97.38369,44.46162,322.3168,38,48
2025-04-10 12:43:55,0.9792212,410.1824,200.3284,97.31066,43.52424,313.1724,38,48
2025-04-10 12:43:58,0.9907737,403.0956,200.5035,96.43533,44.12386,319.9104,38,48
2025-04-10 12:44:01,0.981715,406.3956,197.0273,98.28381,44.06627,317.4021,38,48
2025-04-10 12:44:03,0.9904405,410.9306,199.498,96.99619,43.5768,322.3788,38,48
2025-04-10 12:44:06,1.001414,404.9608,197.246,96.47894,43.57548,319.9052,38,48
2025-04-10 12:44:09,1.000018,411.2872,196.8422,98.76133,43.72198,317.4144,38,48
2025-04-10 12:44:12,1.009315,404.2568,201.603,97.23488,44.6628,321.3282,38,48
2025-04-10 12:44:15,0.9960298,402.4193,200.7877,95.58031,43.91925,317.453,38,48
2025-04-10 12:44:17,0.9894526,408.6719,198.4426,96.75324,44.06633,325.9327,38,48
2025-04-10 12:44:20,1.02509,406.8362,194.4438,97.79127,43.81982,315.4966,38,48
2025-04-10 12:44:23,0.9906382,408.6829,198.0661,97.22205,44.96465,321.3268,38,48
2025-04-10 12:44:26,1.009232,408.665,201.4485,96.9906,43.67345,324.5205,38,48
2025-04-10 12:44:29,0.9764166,410.1645,204.7803,97.07561,44.51511,317.0689,38,48
2025-04-10 12:44:31,0.9933877,406.822,198.6748,96.44218,44.0582,323.0846,38,48
2025-04-10 12:44:34,0.986904,408.6831,197.4798,97.95103,43.82024,317.9374,38,48
2025-04-10 12:44:37,0.9753625,410.1401,198.0321,97.0683,43.72334,315.988,38,48
2025-04-10 12:44:40,1.003899,404.643,195.6292,96.44124,42.74871,318.8058,38,48
2025-04-10 12:44:43,0.9973957,405.0474,199.0758,96.75357,44.11623,322.7731,38,48
2025-04-10 12:44:45,1.010545,410.1592,197.6643,95.56514,43.47794,317.7982,38,48
2025-04-10 12:44:48,1.012132,408.6889,198.0898,97.232,44.07708,323.8473,38,48
2025-04-10 12:44:51,0.9846527,411.7349,199.7091,94.35465,44.21671,321.3339,38,48
2025-04-10 12:44:54,1.015936,406.4495,198.2691,97.55117,43.33235,320.6223,38,48
2025-04-10 12:44:57,0.9816277,404.2443,198.2527,96.75311,43.52318,322.7912,38,48
2025-04-10 12:44:59,1.035172,411.6681,200.529,97.04822,42.84035,318.466,38,48
2025-04-10 12:45:02,1.01326,409.0533,200.1296,96.68214,43.8698,323.4384,38,48
2025-04-10 12:45:05,0.9907774,400.4997,197.4344,95.78501,44.06923,322.2214,38,48
2025-04-10 12:45:08,1.004055,406.4426,199.5743,97.48529,44.69151,319.5503,38,48
2025-04-10 12:45:11,0.9906499,409.0688,198.0584,95.56813,43.71763,317.079,38,48
2025-04-10 12:45:13,0.9947226,407.9311,200.124,96.83234,44.73218,323.1216,38,48
2025-04-10 12:45:16,0.9973036,402.5164,197.2426,97.39074,43.07386,325.652,38,48
2025-04-10 12:45:19,1.000032,405.7099,198.2673,99.16982,43.82182,324.1885,38,48
2025-04-10 12:45:22,1.006695,400.5192,199.5079,97.2392,42.99126,319.1765,38,48
2025-04-10 12:45:25,1.012054,411.2959,199.5299,96.75298,44.0186,326.7806,38,48
2025-04-10 12:45:27,1.009677,407.515,198.2664,96.99733,44.01781,322.04,38,48
2025-04-10 12:45:30,1.005267,403.0928,197.2403,95.96075,43.76663,320.2641,38,48
2025-04-10 12:45:33,1.003979,403.8083,196.6226,96.91328,43.46485,317.7555,38,48
2025-04-10 12:45:36,1.013444,407.1851,194.0488,96.67196,43.61371,319.9222,38,48
2025-04-10 12:45:39,0.9737995,406.461,197.6523,97.40842,43.28522,326.0023,38,48
2025-04-10 12:45:41,0.998809,408.7764,197.2422,97.07079,43.37317,316.7484,38,48
2025-04-10 12:45:44,1.024369,409.8185,197.4761,96.35305,43.82296,319.9586,38,48
2025-04-10 12:45:47,1.001344,411.3348,201.5462,97.14453,43.72164,316.6978,38,48
2025-04-10 12:45:50,1.021381,407.163,195.4082,97.06923,42.89273,318.862,38,48
2025-04-10 12:45:53,1.006431,410.9229,196.4255,95.3655,43.27969,319.904,38,48
2025-04-10 12:45:55,0.9921118,413.4951,196.8076,96.83076,43.14343,321.0232,38,48
2025-04-10 12:45:58,0.9947704,407.5449,197.6447,97.22832,43.92106,326.3128,38,48
2025-04-10 12:46:01,0.9947749,409.7946,199.9063,96.91047,43.17924,321.7311,38,48
2025-04-10 12:46:04,1.001331,409.0352,198.6672,96.59599,43.67393,317.0539,38,48
2025-04-10 12:46:07,0.9850123,408.3257,199.0836,97.39301,43.77232,317.4847,38,48
2025-04-10 12:46:09,1.003959,414.9323,197.4568,96.52085,44.06078,312.7636,38,48
2025-04-10 12:46:12,0.9895645,409.7901,198.6819,96.75523,43.22465,322.712,38,48
2025-04-10 12:46:15,1.003992,409.1859,199.6877,96.36253,43.68232,321.311,38,48
2025-04-10 12:46:18,0.9679337,407.5602,198.6646,97.99839,43.7254,319.2236,38,48
2025-04-10 12:46:21,0.9961035,407.5577,197.6614,96.46373,43.82182,323.7797,38,48
2025-04-10 12:46:23,0.9974003,410.1414,197.6617,96.90941,44.21159,322.3532,38,48
2025-04-10 12:46:26,0.983227,416.5629,196.6493,96.99246,43.28043,319.9119,38,48
2025-04-10 12:46:29,0.9974414,404.23,200.9499,95.58274,43.67228,318.1971,38,48
2025-04-10 12:46:32,0.996065,400.8116,197.4568,96.90941,44.12057,326.6977,38,48
2025-04-10 12:46:35,0.9816483,404.9981,197.0448,96.82867,44.31064,317.4487,38,47
2025-04-10 12:46:37,1.003936,412.4796,199.0889,96.7525,44.01613,320.9675,38,47
2025-04-10 12:46:40,1.020765,398.6162,199.7692,94.98203,43.36929,320.5977,38,47
2025-04-10 12:46:43,1.004071,413.8645,198.1392,96.74986,44.83516,315.1932,38,47
2025-04-10 12:46:46,1.002998,401.1277,197.6467,97.06954,43.86932,319.9099,38,47
2025-04-10 12:46:49,1.009291,414.9871,197.0326,96.59955,43.57006,317.796,38,47
2025-04-10 12:46:51,0.997259,419.6207,197.2466,95.49956,43.57529,322.3626,38,47
2025-04-10 12:46:54,0.9959697,410.1552,199.609,97.39502,44.31041,321.7009,38,47
2025-04-10 12:46:57,0.988283,395.2725,196.2688,96.75359,43.82119,321.6558,38,47
2025-04-10 12:47:00,1.013372,406.8353,196.4655,96.7515,43.72252,320.6379,38,47
2025-04-10 12:47:03,1.001282,407.5724,197.2285,95.91233,43.57664,324.2249,38,47
2025-04-10 12:47:06,1.0066,406.1545,197.8572,96.99095,43.62526,319.526,38,47
2025-04-10 12:47:08,0.9908072,405.3598,199.0718,96.28389,44.16527,321.6633,38,47
2025-04-10 12:47:11,1.002601,409.7697,198.064,97.07133,44.51034,321.363,38,47
2025-04-10 12:47:14,0.9999907,408.6322,200.0958,96.34265,43.51971,320.9609,38,47
2025-04-10 12:47:17,1.016025,399.8844,199.274,97.38415,43.27659,321.6625,38,47
2025-04-10 12:47:20,1.01055,403.201,192.8208,96.59761,43.05132,320.2629,38,47
2025-04-10 12:47:22,0.9892776,408.6811,196.4543,96.91352,43.62608,320.6702,38,47
2025-04-10 12:47:25,1.009153,405.3876,198.074,96.75341,44.41572,319.8778,38,47
2025-04-10 12:47:28,0.9909553,405.0168,195.8746,96.75547,43.82154,317.1331,38,47
2025-04-10 12:47:31,1.010126,412.2966,204.8794,93.65081,43.48413,318.1787,38,47
2025-04-10 12:47:34,0.9749764,402.0577,198.8842,96.98811,42.95125,319.2095,38,47
2025-04-10 12:47:36,1.011786,406.804,196.0633,96.21178,43.72481,318.192,38,47
2025-04-10 12:47:39,1.002582,412.037,198.2738,97.94101,44.1135,321.6528,38,47
2025-04-10 12:47:42,0.9947723,409.063,198.4589,97.62237,43.87037,320.6223,38,47
2025-04-10 12:47:45,1.002652,406.4628,196.4396,98.11332,44.1658,322.029,38,47
2025-04-10 12:47:48,1.014718,416.1123,202.6196,97.68265,43.96939,320.9628,38,47
2025-04-10 12:47:50,1.011815,409.0487,201.2856,95.81929,43.33244,321.3081,38,47
2025-04-10 12:47:53,1.002553,416.6103,197.8591,96.12809,43.821,324.8411,38,47
2025-04-10 12:47:56,0.988371,407.6072,200.1042,96.59702,43.86893,320.9663,38,47
2025-04-10 12:47:59,1.007648,400.5649,197.4552,96.98661,43.72308,323.4157,38,47
2025-04-10 12:48:02,0.9922009,402.7788,199.1043,96.98845,43.14979,316.1125,38,47
2025-04-10 12:48:04,0.9961349,403.5926,198.6796,97.36124,44.21112,322.7049,38,47
2025-04-10 12:48:07,0.9675536,406.8893,198.8638,96.45508,43.1403,325.5332,38,47
2025-04-10 12:48:10,1.01053,403.9859,197.8754,96.3586,43.62402,322.0191,38,47
2025-04-10 12:48:13,0.9868026,408.2747,200.1047,98.62956,44.31444,319.2135,38,47
2025-04-10 12:48:16,0.9893535,406.4205,198.6847,97.4763,44.2668,325.3175,38,47
2025-04-10 12:48:18,1.021495,404.2499,197.6533,96.59599,43.86114,319.9103,37,47
2025-04-10 12:48:21,1.001334,405.7358,202.7019,96.90749,43.87104,330.2803,38,47
2025-04-10 12:48:24,0.9971171,407.5934,196.014,96.36263,43.03861,320.606,37,47
2025-04-10 12:48:27,1.014295,406.4368,197.2424,97.46787,44.51827,325.2584,38,47
2025-04-10 12:48:30,1.001359,406.8147,199.3127,96.75285,44.58619,318.4669,37,47
2025-04-10 12:48:32,1.004023,409.1029,194.7326,96.34641,43.96915,311.2054,37,47
2025-04-10 12:48:35,0.9919964,404.9509,197.2336,94.05067,44.01834,328.2684,37,47
2025-04-10 12:48:38,0.9973215,406.4487,199.5032,96.83099,42.66312,321.7016,38,47
2025-04-10 12:48:41,1.001301,412.7782,198.4598,96.98983,44.5534,324.9118,38,47
2025-04-10 12:48:44,0.9895769,410.8975,197.6505,96.28116,43.91878,319.909,37,47
2025-04-10 12:48:46,1.000022,402.3917,196.4192,97.70367,43.97331,317.134,38,47
2025-04-10 12:48:49,0.9896168,402.5545,196.2362,95.58553,43.83096,319.918,38,47
2025-04-10 12:48:52,1.011891,402.0536,198.2748,97.78324,44.44699,325.9108,38,47
2025-04-10 12:48:55,1.00011,407.1891,197.4389,95.50236,44.16304,317.5403,38,47
2025-04-10 12:48:58,0.9790009,402.0826,198.2672,97.22285,43.87009,321.6673,37,48
2025-04-10 12:49:00,0.999983,409.4055,198.064,95.50593,43.86909,319.8035,37,47
2025-04-10 12:49:03,0.9987039,410.8905,195.0247,96.36554,44.06467,313.3247,37,47
2025-04-10 12:49:06,1.014452,416.5518,197.6592,98.11519,43.10606,322.3506,37,47
2025-04-10 12:49:09,1.003912,403.5983,196.8501,96.51285,43.82151,316.4035,37,47
2025-04-10 12:49:12,1.002595,408.6596,197.6653,95.82624,44.25771,322.7053,38,47
2025-04-10 12:49:14,1.018683,420.5601,196.2138,97.63081,44.266,319.8867,37,47
2025-04-10 12:49:17,1.001371,406.1245,193.6201,96.51523,43.8691,324.5216,37,47
2025-04-10 12:49:20,1.009287,404.5492,198.2607,97.30951,43.76903,326.0002,37,47
2025-04-10 12:49:23,1.005295,412.0939,197.0433,96.35867,44.02269,322.0353,37,47
2025-04-10 12:49:26,0.9946548,412.0287,197.8567,97.0726,42.92253,307.1082,37,47
2025-04-10 12:49:28,0.9921824,401.1811,200.9797,97.07169,43.87463,320.6604,37,47
2025-04-10 12:49:31,0.9921189,405.2681,196.0453,96.60528,43.21344,317.8021,38,47
2025-04-10 12:49:34,1.010603,403.8019,197.6608,96.83418,43.82047,318.1354,38,47
2025-04-10 12:49:37,0.9894604,401.3564,197.6485,96.75351,43.77071,328.5302,37,47
2025-04-10 12:49:40,0.9882776,411.6633,197.0551,96.67546,44.2149,326.6369,37,47
2025-04-10 12:49:42,0.9830464,409.4197,198.6695,96.20457,43.96665,317.1423,37,47
2025-04-10 12:49:45,0.984561,410.8865,198.8332,95.24353,44.11499,313.9896,38,47
2025-04-10 12:49:48,0.9841502,403.8801,197.4483,96.90988,43.13384,322.0911,37,47
2025-04-10 12:49:51,1.00912,406.8274,198.6768,96.83076,43.72211,323.1181,37,47
2025-04-10 12:49:54,0.9986835,407.5909,195.3761,97.65785,43.66057,315.5955,37,47
2025-04-10 12:49:56,0.9825274,408.3252,199.7454,96.26258,45.89173,323.8508,37,47
2025-04-10 12:49:59,0.9904756,404.5053,196.1336,98.42844,43.56135,319.1698,38,47
2025-04-10 12:50:02,0.995874,407.9546,195.9457,96.3402,43.00397,320.9875,38,47
2025-04-10 12:50:05,0.9126252,408.3459,199.5902,97.24566,43.81629,314.7941,37,47
2025-04-10 12:50:08,1.006761,405.2964,198.7005,96.429,43.75924,322.0798,37,47
2025-04-10 12:50:10,1.002659,409.0764,199.7395,95.94064,44.21864,326.8122,37,47
2025-04-10 12:50:13,0.9854393,410.9487,198.8899,97.07114,43.10147,321.3264,38,47
2025-04-10 12:50:16,0.9855143,420.573,197.6783,96.59669,43.47108,318.4983,37,47
2025-04-10 12:50:19,0.9972198,410.9224,198.4676,95.56142,43.72075,326.1289,38,47
2025-04-10 12:50:22,0.9919998,402.0353,197.8492,96.61086,43.71976,317.7432,37,47
2025-04-10 12:50:24,1.005319,411.3497,195.4092,96.75041,43.81936,330.0903,37,47
2025-04-10 12:50:27,1.005283,409.8129,196.6183,98.19401,44.02678,322.0498,37,47
2025-04-10 12:50:30,1.010841,406.433,196.5841,96.11095,43.41864,321.708,38,47
2025-04-10 12:50:33,1.013738,404.6451,198.0468,96.75205,45.30764,318.4677,37,47
2025-04-10 12:50:36,1.005178,413.7746,197.2445,98.04389,43.81715,307.1865,37,47
2025-04-10 12:50:38,1.00272,410.1557,193.5005,96.91811,43.91844,323.9045,38,47
2025-04-10 12:50:41,0.9946927,406.0663,200.1942,96.20042,44.01786,320.2545,38,47
2025-04-10 12:50:44,1.010638,407.9488,198.8859,96.67294,44.06643,318.4911,38,47
2025-04-10 12:50:47,0.9933664,408.3439,195.6944,97.30853,44.06638,320.246,38,47
2025-04-10 12:50:50,1.010775,409.4357,191.5262,96.35713,43.869,318.86,37,47
2025-04-10 12:50:52,1.005206,407.9404,197.2536,97.05175,44.96828,322.0243,37,47
2025-04-10 12:50:55,0.9945152,406.4744,201.1284,97.5363,44.07117,317.0603,38,47
2025-04-10 12:50:58,0.9779355,406.1086,199.7357,96.0424,43.43327,320.9429,38,47
2025-04-10 12:51:01,0.9909314,403.6617,196.8676,96.58761,43.29074,321.6668,37,47
2025-04-10 12:51:04,0.9985312,406.112,196.8575,95.91283,43.77303,319.5877,37,47
2025-04-10 12:51:06,1.016529,407.9355,200.5392,96.28244,43.14593,312.1585,37,47
2025-04-10 12:51:09,1.002662,413.1579,196.653,97.8646,44.26928,307.8568,37,47
2025-04-10 12:51:12,1.00654,404.6273,202.3727,97.29929,43.33145,322.3584,38,47
2025-04-10 12:51:15,1.006504,405.7467,198.4669,95.90041,43.77504,322.3498,38,47
2025-04-10 12:51:18,1.016976,404.2926,199.2685,97.13087,43.91858,319.244,38,47
2025-04-10 12:51:20,1.013256,411.9595,200.7467,96.52198,43.77092,309.6908,37,47
2025-04-10 12:51:23,1.005187,409.3901,193.5615,97.22187,43.48349,319.2279,37,47
2025-04-10 12:51:26,0.9961175,403.5344,195.243,95.82893,43.82192,320.2128,37,47
2025-04-10 12:51:29,1.002281,410.5688,198.4663,97.93982,43.77219,322.7811,37,48
2025-04-10 12:51:32,1.010637,405.8105,197.6597,96.8503,44.27246,318.8658,38,47
2025-04-10 12:51:34,0.9804998,408.3071,197.8187,96.83051,45.35928,325.9418,37,48
2025-04-10 12:51:37,1.003955,410.5462,197.2451,95.83128,43.96641,319.2032,37,48
2025-04-10 12:51:40,0.999961,407.5713,199.6882,96.27489,43.67321,323.0595,38,47
2025-04-10 12:51:43,0.9881606,413.1709,197.8758,96.9935,44.6692,316.0717,37,48
2025-04-10 12:51:46,0.9792274,407.1955,196.683,97.06627,44.3105,323.0074,37,47
2025-04-10 12:51:48,0.989564,404.6427,196.4111,97.31896,44.16319,319.5799,37,48
2025-04-10 12:51:51,0.9895999,410.964,198.4681,96.12016,43.52913,322.0122,37,47
2025-04-10 12:51:54,1.003979,407.942,199.0709,97.22499,45.11518,319.5674,37,47
2025-04-10 12:51:57,0.9974468,402.0368,200.9137,97.14227,43.23683,323.7576,37,48
2025-04-10 12:52:00,0.987032,404.6548,197.0555,96.67464,43.77176,316.1101,37,47
2025-04-10 12:52:02,1.000047,407.2147,195.881,96.90527,43.9669,323.7597,38,47
2025-04-10 12:52:05,1.013174,404.6622,198.2631,96.8326,43.82101,321.3063,37,48
2025-04-10 12:52:08,0.9856268,402.8331,200.3117,96.98633,43.11002,320.2583,37,47
2025-04-10 12:52:11,1.003895,407.5995,198.056,96.11938,43.40434,320.9455,37,48
2025-04-10 12:52:14,1.006385,406.1325,195.6773,95.97695,43.39381,318.8739,38,47
2025-04-10 12:52:17,0.9974094,406.8407,195.4561,95.90171,44.71284,321.3158,37,48
2025-04-10 12:52:19,1.006642,408.6706,198.0587,97.13977,43.04568,321.6641,37,48
2025-04-10 12:52:22,0.971504,408.3239,199.6784,96.28563,43.87457,316.7652,37,48
2025-04-10 12:52:25,0.9970783,407.9519,197.2568,97.54024,44.41651,323.143,37,48
2025-04-10 12:52:28,1.009214,402.8011,198.2345,97.53371,43.43554,323.0641,37,48
2025-04-10 12:52:31,1.00394,407.9073,199.495,95.65852,44.21246,314.6617,37,48
2025-04-10 12:52:33,0.9869205,401.37,201.3538,95.01747,43.62484,314.9989,38,48
2025-04-10 12:52:36,1.013157,402.0338,197.0477,95.81929,44.25937,319.5616,37,48
2025-04-10 12:52:39,1.005221,410.1494,197.2557,97.93684,43.91797,319.9312,38,48
2025-04-10 12:52:42,0.9962965,409.0445,198.6455,97.14503,43.04877,322.0142,37,48
2025-04-10 12:52:45,0.9933366,402.8199,197.4549,96.91092,43.47599,323.7882,38,48
2025-04-10 12:52:47,0.9934824,407.1953,198.2679,96.9873,44.01609,316.7969,37,48
2025-04-10 12:52:50,0.9961008,406.1143,194.8533,97.61037,42.33288,310.7793,37,48
2025-04-10 12:52:53,1.001264,406.1186,197.0647,95.48912,44.85544,322.6997,37,48
2025-04-10 12:52:56,1.010397,407.5712,198.064,96.59761,43.1611,314.7588,37,48
2025-04-10 12:52:59,1.005136,410.8395,200.8957,96.4516,43.96046,322.6732,37,48
2025-04-10 12:53:01,1.031832,412.2949,196.872,97.14198,42.83576,324.133,38,48
2025-04-10 12:53:04,1.014423,406.1228,200.6913,96.83152,44.11422,321.2536,38,48
2025-04-10 12:53:07,1.011374,410.4848,199.4619,97.29637,43.63005,324.7346,37,48
2025-04-10 12:53:10,0.9833735,407.1939,200.8742,96.98582,43.4878,321.6472,37,48
2025-04-10 12:53:13,1.022577,410.4678,197.8766,97.61389,44.11342,309.7835,37,48
2025-04-10 12:53:15,1.030202,409.7339,197.2737,97.37035,43.91813,319.9109,38,48
2025-04-10 12:53:18,0.9973444,409.0315,194.7286,96.44804,43.96609,319.9034,38,48
2025-04-10 12:53:21,0.998716,404.3413,197.0729,95.76092,43.77078,321.648,37,48
2025-04-10 12:53:24,1.000018,412.6793,194.8876,97.14008,43.58672,323.6219,37,48
2025-04-10 12:53:27,1.01173,405.0727,197.2726,96.51462,43.52963,316.1665,37,48
2025-04-10 12:53:29,0.9900111,405.5081,197.8646,97.13225,43.10001,317.8751,37,49
2025-04-10 12:53:32,0.9961292,414.0814,197.665,96.83263,43.3059,320.9688,38,48
2025-04-10 12:53:35,0.9923333,409.3817,199.079,96.75828,44.30156,319.5629,37,49
2025-04-10 12:53:38,1.007717,406.8376,198.4664,97.21429,43.86932,322.659,37,49
2025-04-10 12:53:41,1.0075,406.1518,197.6712,97.13814,44.63005,318.528,37,49
2025-04-10 12:53:43,1.022063,405.3698,198.0119,96.52172,44.06437,324.7811,38,49
2025-04-10 12:53:46,0.9809757,410.8322,200.455,96.45267,44.84578,319.8699,37,49
2025-04-10 12:53:49,0.9786863,413.7266,196.6794,96.52644,43.86927,319.5856,38,49
2025-04-10 12:53:52,0.9830755,411.9494,199.4611,97.13804,43.53758,314.8017,37,49
2025-04-10 12:53:55,0.9949116,413.3535,196.8793,96.45244,43.4383,328.1857,37,49
2025-04-10 12:53:57,1.012873,415.0419,199.6422,96.90697,43.63292,324.3918,38,49
2025-04-10 12:54:00,1.021471,407.2038,197.0796,96.6047,44.29822,326.5357,37,49
2025-04-10 12:54:03,1.011607,408.658,197.4665,96.37417,43.82236,316.8714,38,49
2025-04-10 12:54:06,0.9795623,406.8545,198.4569,97.05694,43.68108,319.265,37,49
2025-04-10 12:54:09,0.9949331,404.3545,195.8724,96.90787,43.96552,317.5545,38,49
2025-04-10 12:54:11,0.9949464,407.9315,198.0613,97.21736,43.34404,318.6228,38,49
2025-04-10 12:54:14,1.005319,408.2827,197.7087,97.2888,43.67986,324.3475,37,49
2025-04-10 12:54:17,0.9949131,409.7234,199.8496,96.98386,44.39695,319.9241,38,49
2025-04-10 12:54:20,1.001305,406.4979,198.2599,96.82463,43.108,321.6271,38,49
2025-04-10 12:54:23,0.9974387,408.634,195.9256,96.52726,44.39705,315.2805,38,49
2025-04-10 12:54:25,1.020707,407.9254,192.2154,97.52347,43.86909,321.6402,38,49
2025-04-10 12:54:28,0.9895682,408.2652,196.6749,96.52174,43.68752,316.8141,38,49
2025-04-10 12:54:31,0.9910614,403.6495,200.2457,96.90691,43.34848,328.2215,38,50
2025-04-10 12:54:34,0.9796263,406.5226,195.663,97.37081,43.49011,318.2213,38,49
2025-04-10 12:54:37,1.016891,404.2689,199.2605,96.36688,44.74536,322.4111,38,50
2025-04-10 12:54:39,1.001307,413.8507,197.6425,96.44593,45.19454,319.568,38,49
2025-04-10 12:54:42,1.002688,406.4677,198.4624,97.37428,44.20834,324.423,38,50
2025-04-10 12:54:45,0.9999525,411.9395,196.2401,96.98876,43.7233,325.4385,38,49
2025-04-10 12:54:48,1.001308,407.2094,197.0541,97.61765,44.46491,320.6192,38,49
2025-04-10 12:54:51,0.9973513,410.9062,197.2553,97.06606,42.54919,323.4818,38,49
2025-04-10 12:54:53,1.002787,406.837,196.7688,97.61547,43.86935,320.6485,38,49
2025-04-10 12:54:56,0.9648196,408.6287,197.8698,96.59669,45.00499,325.1603,38,49
2025-04-10 12:54:59,0.9765589,416.0492,198.8678,96.52261,43.91603,325.2643,38,49
2025-04-10 12:55:02,0.9973835,405.7403,200.1115,96.75113,44.60408,325.8708,38,49
2025-04-10 12:55:05,1.00781,407.9345,198.4586,96.90988,45.18848,322.997,38,49
2025-04-10 12:55:07,1.011572,407.57,194.6971,96.21961,43.24902,327.4539,38,49
2025-04-10 12:55:10,1.004957,408.2906,195.2882,98.13976,43.91829,322.3404,38,49
2025-04-10 12:55:13,0.9631439,400.9625,200.2551,97.13969,43.06339,317.2122,38,49
2025-04-10 12:55:16,1.005278,404.6726,197.4375,96.20477,44.10929,319.5997,38,49
2025-04-10 12:55:19,1.002555,409.7198,197.0988,96.9847,43.87056,315.744,38,49
2025-04-10 12:55:21,1.02007,410.9195,198.2579,96.14774,44.39521,317.1703,38,49
2025-04-10 12:55:24,0.9911694,410.4282,198.6473,96.52721,44.25232,317.2242,38,49
2025-04-10 12:55:27,1.002515,403.661,199.4341,96.37436,44.10846,331.7515,38,49
2025-04-10 12:55:30,0.9986626,407.5539,199.4422,97.21461,43.44514,321.2869,38,49
2025-04-10 12:55:33,1.001253,401.1731,197.4741,95.63447,43.3076,323.6626,38,49
2025-04-10 12:55:35,1.001257,408.6385,201.9418,96.8338,44.06491,319.2461,38,49
2025-04-10 12:55:38,0.9974981,408.2833,199.8085,97.14387,43.91784,320.2575,38,49
2025-04-10 12:55:41,1.012767,407.9516,195.122,95.9966,43.91724,320.5988,38,49
2025-04-10 12:55:44,0.9936419,409.0084,195.3274,98.34025,43.59338,319.1932,38,49
2025-04-10 12:55:47,1.007492,411.4291,202.0607,98.56405,43.54007,318.9051,38,49
2025-04-10 12:55:50,0.992429,406.8446,199.3051,96.6064,43.9186,320.2618,38,49
2025-04-10 12:55:52,0.9935779,403.8961,198.8588,97.75732,43.39508,322.622,38,49
2025-04-10 12:55:55,1.000008,409.3132,198.861,96.44943,43.96574,321.8893,38,49
2025-04-10 12:55:58,1.020348,406.1432,197.0506,96.90949,44.87121,310.7329,38,49
2025-04-10 12:56:01,1.006439,405.4344,196.8785,97.45524,43.91985,321.3029,38,49
2025-04-10 12:56:04,0.9885377,409.7356,199.0632,96.37343,43.77572,315.8345,38,49
2025-04-10 12:56:06,1.00005,410.5276,195.6722,97.13814,43.21301,323.3848,38,49
2025-04-10 12:56:09,1.001238,407.9416,198.0593,96.67598,44.06509,316.8256,38,49
2025-04-10 12:56:12,0.9973858,410.8748,200.6935,96.51845,43.77308,315.0116,38,49
2025-04-10 12:56:15,0.9922252,408.6686,198.267,96.68525,43.86806,324.7993,38,49
2025-04-10 12:56:18,1.0052,407.5485,198.8705,97.76235,44.16082,321.6572,38,48
2025-04-10 12:56:20,1.007778,407.5749,201.3123,96.75316,43.96491,323.4065,38,48
2025-04-10 12:56:23,0.9986623,410.5296,197.2517,96.83185,44.06578,322.4185,38,48
2025-04-10 12:56:26,1.002465,408.8851,198.058,94.57479,44.16499,308.2041,38,48
2025-04-10 12:56:29,0.9641735,407.9443,194.8377,97.45992,44.70235,318.169,38,48
2025-04-10 12:56:32,0.9935191,408.6684,199.4136,97.3843,43.00104,320.9569,38,48
2025-04-10 12:56:34,0.9946968,407.9302,197.2606,95.4148,44.01604,318.9052,38,48
2025-04-10 12:56:37,0.975247,408.6692,198.0614,97.36646,44.07016,329.5552,38,48
2025-04-10 12:56:40,0.9986707,405.3526,196.6645,96.12184,44.31871,322.0603,38,48
2025-04-10 12:56:43,1.003905,401.0156,200.5182,96.90949,43.72281,319.9197,38,48
2025-04-10 12:56:46,1.005299,396.7774,197.4538,97.41647,43.13405,324.9313,38,48
2025-04-10 12:56:48,1.001269,406.1006,193.6699,97.94481,44.8168,324.9514,38,48
2025-04-10 12:56:51,0.9999434,410.9257,198.0613,95.81056,44.6705,327.0225,38,48
2025-04-10 12:56:54,0.9872966,407.1951,196.6419,96.8321,43.91747,326.2616,38,48
2025-04-10 12:56:57,1.002792,406.1023,198.2516,97.40192,43.04249,313.9988,38,48
2025-04-10 12:57:00,1.001261,410.1877,198.6695,96.67017,44.72072,315.0397,38,48
2025-04-10 12:57:02,1.006651,412.7338,200.5446,96.91142,43.72054,312.573,38,48
2025-04-10 12:57:05,0.9947218,410.0939,198.2678,97.22555,43.7739,322.3787,38,48
2025-04-10 12:57:08,1.013434,408.2927,201.9762,96.75703,43.47511,317.1402,38,48
2025-04-10 12:57:11,0.9910492,401.3401,199.4877,96.45539,43.47644,317.1003,38,48
2025-04-10 12:57:14,1.012836,406.8229,200.3029,98.41732,44.31456,320.9608,38,48
2025-04-10 12:57:16,0.9986992,409.411,195.8429,95.9072,43.82044,317.4644,38,48
2025-04-10 12:57:19,0.9830902,406.8377,198.674,97.45359,43.62658,325.784,38,48
2025-04-10 12:57:22,1.012961,405.3924,196.0169,97.22935,44.01502,314.3478,38,48
2025-04-10 12:57:25,1.007875,404.6378,198.2632,96.20544,42.55463,313.2783,38,48
2025-04-10 12:57:28,0.9986965,408.6655,202.8164,98.40264,43.72424,316.0843,38,48
2025-04-10 12:57:30,0.9973424,410.8908,196.2581,96.98842,43.4799,323.0969,38,48
2025-04-10 12:57:33,1.001241,407.5688,202.8259,97.06834,43.5676,318.473,38,48
2025-04-10 12:57:36,0.9907654,404.2392,194.2772,96.75375,42.58904,321.3291,38,48
2025-04-10 12:57:39,0.976471,402.8425,198.4771,97.14648,43.47305,318.851,38,48
2025-04-10 12:57:42,0.9895082,409.0525,197.8616,96.99541,43.86865,320.9682,38,48
2025-04-10 12:57:44,0.9896115,410.5221,199.0868,97.55505,43.77209,316.082,38,48
2025-04-10 12:57:47,0.9894197,407.9403,198.6777,98.1873,42.99306,313.9819,38,48
2025-04-10 12:57:50,1.013211,406.1016,198.6769,96.75409,44.30621,319.2336,38,48
2025-04-10 12:57:53,0.9830247,413.5086,197.8662,96.98943,43.87042,320.6133,38,48
2025-04-10 12:57:56,1.010531,406.1196,200.2352,96.43805,43.52923,321.3221,38,48
2025-04-10 12:57:58,1.026619,405.7377,197.6118,98.50376,42.73632,325.159,38,48
2025-04-10 12:58:01,1.005248,406.4814,193.2092,96.51958,45.40585,322.2706,38,48
2025-04-10 12:58:04,0.9921031,398.5066,199.4847,95.5892,43.77385,324.177,38,48
2025-04-10 12:58:07,0.9973793,405.7216,194.6529,96.67297,45.04542,322.019,38,48
2025-04-10 12:58:10,1.003976,409.8036,197.8587,96.75134,44.0169,319.2073,38,48
2025-04-10 12:58:12,1.000014,410.1921,197.4388,96.67215,44.27137,319.1885,38,47
2025-04-10 12:58:15,0.9880158,413.2731,201.8424,96.9118,43.36744,321.39,38,47
2025-04-10 12:58:18,0.9695253,411.7698,192.3887,96.35342,44.31859,326.1114,38,47
2025-04-10 12:58:21,0.9812401,403.0706,200.8303,97.88292,44.31976,319.5797,38,47
2025-04-10 12:58:24,0.9892378,409.8309,197.85,99.24803,44.42059,317.7881,38,47
2025-04-10 12:58:26,1.010667,408.2359,199.1013,96.59254,43.7696,319.5446,38,47
2025-04-10 12:58:29,1.007996,413.2613,197.232,96.59489,43.98438,322.3986,38,47
2025-04-10 12:58:32,1.025518,410.5786,199.095,97.01856,44.27367,315.6559,38,47
2025-04-10 12:58:35,1.002595,410.9996,193.1439,95.90231,43.77136,324.5326,38,47
2025-04-10 12:58:38,0.9881543,406.0903,197.4285,95.80766,44.22382,321.3386,38,47
2025-04-10 12:58:40,0.9825756,405.312,197.4406,97.15626,44.37425,322.0703,38,47
2025-04-10 12:58:43,1.004387,409.1606,199.9622,96.34652,45.46989,324.7716,38,47
2025-04-10 12:58:46,0.9959249,406.825,198.059,95.31448,43.28602,321.7176,38,47
2025-04-10 12:58:49,1.006854,409.4407,197.432,96.02185,43.316,322.8051,38,47
2025-04-10 12:58:52,1.008135,404.9203,196.2107,95.84774,43.96336,324.5458,38,47
2025-04-10 12:58:54,1.015971,407.2147,200.3888,96.83182,46.33876,317.3934,38,47
2025-04-10 12:58:57,1.02181,414.7559,196.8125,97.72983,44.07052,317.4039,38,47
2025-04-10 12:59:00,1.017805,395.8606,195.1531,97.23629,43.86858,317.7424,38,47
2025-04-10 12:59:03,0.9946357,406.0645,201.0243,96.28027,43.81882,314.729,38,47
2025-04-10 12:59:06,0.9931534,407.2427,195.7931,96.25999,44.32116,327.1919,38,47
2025-04-10 12:59:08,1.008106,408.3605,195.7996,97.15569,43.71698,325.7586,38,47
2025-04-10 12:59:11,0.9889963,407.1934,196.8246,96.27397,43.58236,320.9742,38,47
2025-04-10 12:59:14,1.005348,410.9434,199.5012,96.67339,44.01805,320.2641,38,47
2025-04-10 12:59:17,0.9932922,413.4986,199.2962,97.09431,43.42063,315.02,38,47
2025-04-10 12:59:20,0.9960361,404.9906,198.4707,97.22848,44.27108,318.8587,38,47
2025-04-10 12:59:22,0.9897287,399.9608,197.665,96.12926,43.96794,322.0113,38,47
2025-04-10 12:59:25,1.0026,408.2979,193.0484,97.54573,43.96714,320.6002,38,47
2025-04-10 12:59:28,0.993499,414.5234,197.8621,96.6727,43.7235,321.7266,38,47
2025-04-10 12:59:31,0.9921201,410.5286,193.4836,96.13998,43.81823,323.4743,38,47
2025-04-10 12:59:34,1.041973,408.6592,198.2696,96.67432,44.0162,321.265,38,47
2025-04-10 12:59:36,1.005279,404.2776,197.4435,97.67314,43.38253,319.5606,38,47
2025-04-10 12:59:39,0.9999915,408.3036,198.4672,96.65128,43.87099,316.4568,38,47
2025-04-10 12:59:42,0.9908054,410.1521,198.6853,97.61898,43.42946,313.8377,38,47
2025-04-10 12:59:45,0.9975903,411.6599,196.8342,97.61708,44.01686,322.3617,38,47
2025-04-10 12:59:48,1.001271,409.0389,199.4884,97.06676,43.47683,319.9912,38,47
2025-04-10 12:59:50,0.9973915,404.2432,198.8687,96.90973,43.41108,321.9948,38,47
2025-04-10 12:59:53,0.9960967,410.1404,198.6682,97.4595,44.21737,319.5576,38,47
2025-04-10 12:59:56,1.007926,409.0349,198.8819,96.51292,44.11588,314.0706,38,47
2025-04-10 12:59:59,0.9933372,406.1367,198.2661,97.55045,43.96711,322.3634,38,47
2025-04-10 13:00:02,1.019049,405.3006,196.994,97.3041,43.72087,316.7418,38,47
2025-04-10 13:00:04,0.9973873,406.8269,199.0866,96.27726,43.17681,316.1404,38,47
2025-04-10 13:00:07,1.010593,409.0599,196.8802,95.12051,43.38008,322.39,38,47
2025-04-10 13:00:10,1.006601,406.4562,198.8791,97.07114,43.67261,323.7974,38,47
2025-04-10 13:00:13,0.9893908,409.7744,198.2428,97.39917,44.21545,311.0569,38,47
2025-04-10 13:00:16,1.039879,406.8312,200.141,97.62992,44.1655,319.2054,38,47
2025-04-10 13:00:18,0.9999476,410.4918,198.0606,96.28418,43.77198,322.0307,38,47
2025-04-10 13:00:21,0.9945964,417.255,203.4525,96.75282,43.67354,321.3221,38,47
2025-04-10 13:00:24,0.9844333,409.1013,197.0377,97.46025,43.97031,315.6972,38,47
2025-04-10 13:00:27,1.002691,407.6251,197.051,97.30524,44.41228,325.6482,38,47
2025-04-10 13:00:30,0.9972572,409.4544,200.9789,98.38681,43.96754,324.2017,38,47
2025-04-10 13:00:32,0.9945776,405.3016,198.4787,96.50863,43.47598,317.3738,38,47
2025-04-10 13:00:35,1.005475,412.2007,197.6398,96.91328,44.01918,319.5315,38,47
2025-04-10 13:00:38,0.9984015,409.1159,198.2758,97.40801,43.61344,319.5381,38,47
2025-04-10 13:00:41,0.9864605,411.0428,199.1169,96.18521,43.81606,323.7462,38,47
2025-04-10 13:00:44,0.9946103,404.0503,198.488,97.31961,43.92158,319.9068,38,47
2025-04-10 13:00:46,1.001362,407.924,195.7391,96.41838,43.96832,317.6569,38,47
2025-04-10 13:00:49,0.9921991,408.6975,199.7744,95.66975,43.81742,325.0218,38,47
2025-04-10 13:00:52,0.9889828,417.3241,196.3399,97.546,44.18833,325.5462,38,47
2025-04-10 13:00:55,0.9999804,418.2049,198.9245,96.0842,43.51567,323.6203,38,46
2025-04-10 13:00:58,0.9918984,400.7884,197.6358,96.83321,43.20448,290.9813,38,46
2025-04-10 13:01:01,1.002756,409.972,198.5154,97.82085,43.84745,319.5219,38,46
2025-04-10 13:01:03,0.999985,411.9192,200.0049,96.08105,43.55914,321.3767,38,46
2025-04-10 13:01:06,0.9999858,408.3411,197.8234,98.02282,43.76479,319.8895,38,45
2025-04-10 13:01:09,0.9999804,404.4612,198.1035,96.25909,43.50333,322.0923,38,45
2025-04-10 13:01:12,1.002758,409.1143,200.6218,94.19781,43.66401,318.082,38,46
2025-04-10 13:01:15,0.9794968,404.9584,196.7924,95.99721,43.56107,314.8975,38,46
2025-04-10 13:01:17,0.9932545,406.816,199.864,98.55793,42.91373,319.9062,38,46
2025-04-10 13:01:20,1.039516,407.1944,194.4193,96.91138,43.71622,315.0903,38,46
2025-04-10 13:01:23,0.9986688,406.8473,198.8345,97.22066,43.72468,325.6258,38,46
2025-04-10 13:01:26,0.9973565,405.6823,199.6973,95.52377,43.47492,323.8569,38,46
2025-04-10 13:01:29,0.9958869,413.2024,194.2238,97.06789,43.42373,306.2021,38,46
2025-04-10 13:01:31,0.997422,410.1408,203.1637,97.78563,45.55046,320.2663,38,45
2025-04-10 13:01:34,0.980445,411.3111,198.6413,96.98734,43.86925,316.7329,38,45
2025-04-10 13:01:37,0.9843992,405.3792,196.8325,96.91241,43.43253,318.2083,38,45
2025-04-10 13:01:40,0.9960127,405.002,196.202,96.67376,43.62542,318.4746,38,45
2025-04-10 13:01:43,0.9871823,403.4681,197.634,98.09539,44.09507,323.3946,38,45
2025-04-10 13:01:45,1.033686,409.0727,199.085,96.75269,43.91826,319.2126,38,45
2025-04-10 13:01:48,0.9920789,406.0474,202.9889,96.51601,43.76942,322.0659,38,44
2025-04-10 13:01:51,1.019189,405.323,198.2647,96.90891,44.01835,313.1349,38,44
2025-04-10 13:01:54,1.027389,407.57,198.4711,97.14266,44.47845,318.0657,38,44
2025-04-10 13:01:57,1.002682,402.3385,198.4751,98.00883,44.46859,318.1421,38,44
2025-04-10 13:01:59,0.9960779,407.1991,200.1433,95.67442,43.47657,318.8513,38,43
2025-04-10 13:02:02,0.9986539,412.481,197.7073,97.47665,43.86888,320.9708,38,43
2025-04-10 13:02:05,0.9945144,408.3099,196.0091,96.67252,44.32244,315.9932,38,44
2025-04-10 13:02:08,0.9922815,403.2845,198.8841,95.7974,43.92046,327.9973,38,43
2025-04-10 13:02:11,0.9960336,406.459,199.469,96.43699,44.22258,316.4473,38,43
2025-04-10 13:02:13,1.0,407.5701,197.657,97.14983,43.94783,319.2032,38,43
2025-04-10 13:02:16,0.9973382,409.0752,198.4708,97.06891,43.32784,314.1422,38,43
2025-04-10 13:02:19,0.9855841,407.2682,187.6538,95.21903,43.72665,315.2519,38,43
2025-04-10 13:02:22,0.9923866,404.3912,203.0197,96.68151,44.25564,317.1962,38,43
2025-04-10 13:02:25,0.993854,408.6394,198.5051,97.99168,43.05998,323.7115,37,43
2025-04-10 13:02:27,1.012784,406.8576,197.6698,95.93248,44.53457,319.2416,38,43
2025-04-10 13:02:30,1.011603,407.5304,198.4563,97.65186,43.7753,319.9302,38,44
2025-04-10 13:02:33,1.001534,407.2044,198.4502,96.99377,43.475,318.5396,38,44
2025-04-10 13:02:36,0.9974624,401.2218,197.6878,96.8316,43.53837,323.3746,37,44
2025-04-10 13:02:39,0.9948622,412.9725,197.8637,95.37583,43.87084,320.5995,37,44
2025-04-10 13:02:41,0.9999999,404.4269,197.8598,96.98698,44.11201,320.2605,38,44
2025-04-10 13:02:44,0.9909503,406.4881,200.291,97.54029,43.67661,320.2617,37,44
2025-04-10 13:02:47,0.9793851,406.8647,198.4395,97.22282,43.96605,321.298,37,43
2025-04-10 13:02:50,1.021157,407.2298,195.7099,95.97775,43.96908,316.7611,38,43
2025-04-10 13:02:53,0.9909771,405.613,199.2846,97.12787,44.10187,314.6632,37,43
2025-04-10 13:02:55,1.0235,409.029,198.0613,97.52473,42.96938,316.092,37,43
2025-04-10 13:02:58,1.002568,407.9254,198.6656,96.37335,43.68716,313.1129,37,43
2025-04-10 13:03:01,1.015423,404.3617,195.8462,96.99113,42.95675,323.7626,38,43
2025-04-10 13:03:04,0.9961404,410.1292,194.0934,96.70461,44.40775,325.5352,37,44
2025-04-10 13:03:07,1.010656,410.1136,196.8671,97.3843,43.81947,319.5189,38,44
2025-04-10 13:03:09,0.9830441,407.939,198.2673,98.3755,42.84433,313.6432,38,44
2025-04-10 13:03:12,1.002612,405.3149,198.6913,96.51845,44.60161,320.2736,37,44
2025-04-10 13:03:15,1.021844,412.4268,197.6586,96.67873,44.06371,316.2839,37,44
2025-04-10 13:03:18,0.9961208,405.7628,199.2715,97.21963,43.96721,321.6523,38,44
2025-04-10 13:03:21,1.037434,415.9786,198.4643,96.06987,43.8692,326.6652,38,44
2025-04-10 13:03:23,0.9831171,412.3898,199.6807,95.98893,44.01617,320.2617,37,44
2025-04-10 13:03:26,1.01998,404.6644,194.229,97.37568,43.72548,317.4306,37,44
2025-04-10 13:03:29,1.022477,404.2579,201.2474,96.90979,43.82208,317.7985,37,44
2025-04-10 13:03:32,0.996092,408.3034,198.0613,97.54986,43.61171,318.8159,38,44
2025-04-10 13:03:35,1.002614,410.5359,198.6745,97.22451,44.16691,320.7488,37,44
2025-04-10 13:03:37,0.9895407,405.3466,194.0658,96.91634,44.21597,319.9133,38,44
2025-04-10 13:03:40,0.9937543,407.5712,194.1445,98.27041,44.11348,325.6741,37,45
2025-04-10 13:03:43,0.9769791,411.9534,200.098,96.28937,44.06362,318.5375,37,45
2025-04-10 13:03:46,0.9830476,412.6588,197.039,96.75327,43.72382,330.1951,37,45
2025-04-10 13:03:49,1.025069,416.1617,194.2635,98.62632,42.8993,315.4101,37,45
2025-04-10 13:03:51,0.98266,407.9421,198.4767,97.07072,43.72104,318.4896,37,45
2025-04-10 13:03:54,0.9999496,411.0146,199.7547,95.9691,43.4717,319.8993,37,45
2025-04-10 13:04:01,1.038459,405.0058,194.9962,97.01073,43.8068,308.6374,37,40
2025-04-10 13:04:04,0.9900153,404.4528,206.021,96.41383,43.65978,320.2643,37,43
2025-04-10 13:04:06,1.010729,402.4123,195.8703,98.98634,43.72386,321.3326,37,42
2025-04-10 13:04:09,0.9761868,408.2909,200.4338,96.14443,44.31286,324.4455,37,42
2025-04-10 13:05:31,1.010968,405.3375,198.4752,97.55449,43.86876,315.9665,37,42
2025-04-10 13:10:32,1.004116,398.4624,198.4694,96.19354,43.62311,314.651,36,41
2025-04-10 13:11:45,1.017007,404.4806,195.1253,96.33623,43.246,322.8667,33,43
2025-04-10 13:16:46,1.010269,412.9951,198.6605,97.77451,44.8473,304.0505,33,45
2025-04-10 13:21:47,0.9921545,407.5678,198.9436,96.83105,43.28407,319.9586,35,49
2025-04-10 13:26:48,0.9886556,412.2357,198.4493,96.98582,44.2033,316.22,38,47
2025-04-10 13:31:49,0.9811212,404.7178,198.4541,97.35943,44.58305,321.2717,38,47
2025-04-10 13:36:49,1.003809,408.6496,194.6411,97.75701,44.79936,319.9226,39,45
2025-04-10 13:41:50,1.005292,410.5086,197.6578,96.98898,43.82052,320.6093,39,44
2025-04-10 13:46:51,0.9999709,405.8025,202.7451,95.97292,44.39836,321.967,39,42
2025-04-10 13:51:52,0.9760664,412.3214,201.9011,98.62605,43.24645,320.9446,39,42
2025-04-10 13:56:53,1.008962,407.9608,198.321,96.07374,44.20432,316.5431,38,42
2025-04-10 14:01:53,0.9962076,417.0374,197.0824,96.98573,44.3938,316.8673,39,44
2025-04-10 14:06:54,1.006413,405.4504,198.4609,96.00781,44.30251,316.2016,39,43
2025-04-10 14:11:55,0.9911667,405.4521,200.4549,96.83675,44.49,313.2199,39,43
2025-04-10 14:16:56,1.002212,408.4851,198.9077,96.37762,43.46111,327.1252,39,42
2025-04-10 14:21:57,1.008542,421.4599,193.5896,96.46822,43.82785,315.1145,42,63
2025-04-10 14:26:57,1.019109,406.9424,197.3148,97.11205,44.09297,321.808,46,44
2025-04-10 14:31:58,1.002383,407.6205,198.2428,96.9678,43.83109,322.7782,47,46
2025-04-10 14:36:59,0.9680936,404.891,194.3142,96.50216,43.63016,322.33,48,50
2025-04-10 14:42:00,0.9780547,410.0584,197.8906,96.1785,43.91865,319.3904,51,44
2025-04-10 14:47:01,0.9915913,408.8422,199.1909,97.41349,44.56616,319.2935,52,41
2025-04-10 14:52:01,0.9707973,405.0616,198.8842,95.98257,44.26659,319.5768,52,36
2025-04-10 14:57:02,0.9960517,407.246,198.0627,97.15042,43.279,318.5214,49,29
2025-04-10 15:02:03,1.004004,407.9314,198.2706,97.1521,44.16118,312.693,45,28
2025-04-10 15:07:04,1.019573,403.5954,197.2349,97.80486,43.8209,317.8459,42,30
2025-04-10 15:12:05,0.9616714,407.231,199.5865,97.41221,43.51471,318.6488,41,34
2025-04-10 15:17:05,1.035805,411.8844,200.523,96.75449,44.16563,320.6087,43,40
2025-04-10 15:22:06,0.9947317,414.6794,199.4828,97.55286,43.72368,314.6839,42,32
2025-04-10 15:27:07,0.9999915,405.7235,197.2406,96.35908,43.6771,318.8531,41,33
2025-04-10 15:32:08,1.018817,408.3123,195.809,96.82802,44.06575,319.2078,40,32
2025-04-10 15:37:09,1.000005,407.533,196.427,98.12328,42.55987,317.5348,39,33
2025-04-10 15:42:09,0.9932355,408.6738,203.1982,96.58256,44.21175,315.5531,38,33
2025-04-10 15:47:10,1.009223,412.3832,197.0502,96.51617,44.01651,321.6771,37,34
2025-04-10 15:52:11,0.9974152,411.5917,201.8658,97.59536,43.97536,317.9975,37,34
2025-04-10 15:57:12,1.004167,404.6678,195.2188,96.9922,43.7226,322.7418,37,35
2025-04-10 16:02:13,1.007583,409.0262,196.0281,96.59889,44.40799,320.5976,38,37
2025-04-10 16:07:13,0.9889418,404.7883,199.2078,97.12811,43.73318,318.6263,38,36
2025-04-10 16:12:14,1.012919,409.015,197.0931,96.7552,44.01199,318.5695,39,39
2025-04-10 16:17:15,1.004954,401.4301,195.1716,97.05518,42.58968,320.9144,43,38
2025-04-10 16:22:16,1.001366,412.2718,198.6581,97.60638,44.10908,322.6491,44,40
2025-04-10 16:27:17,0.9923311,408.6328,201.4186,96.53386,43.59238,319.5955,45,34
2025-04-10 16:32:17,0.9864489,403.4433,197.1073,95.62592,43.18888,324.5517,45,33
2025-04-10 16:37:18,0.9938218,406.5409,199.813,95.71912,43.72065,327.6861,45,33
2025-04-10 16:42:19,0.9962513,403.3396,198.6376,97.52015,43.49993,322.9019,45,32
2025-04-10 16:47:20,0.9935626,405.8148,199.798,96.90849,44.09789,319.5903,44,31
2025-04-10 16:52:21,0.9962825,408.9955,198.8432,96.52467,43.72667,323.3935,44,31
2025-04-10 16:57:21,1.007846,412.4225,199.2729,96.82951,44.79501,317.7928,42,29
2025-04-10 17:02:22,1.014565,406.0421,199.702,96.44131,44.21266,315.2877,40,30
2025-04-10 17:07:23,0.9986835,407.5726,195.5943,96.67332,44.41402,316.0218,39,31
2025-04-10 17:12:24,0.992263,410.1784,197.4503,97.53646,43.43372,323.7518,38,32
2025-04-10 17:17:25,1.002644,406.0954,197.6567,96.75382,43.25527,318.8595,38,32
2025-04-10 17:22:25,1.010644,405.0152,194.8221,97.14522,44.11507,322.4358,37,32
2025-04-10 17:27:26,1.006492,408.6692,201.5371,97.13942,43.82038,319.5876,37,32
2025-04-10 17:32:27,0.9895883,410.8645,200.9423,97.0666,44.34771,325.8702,36,33
2025-04-10 17:37:28,1.026631,405.0083,198.0647,96.28557,44.21076,324.1406,36,33
2025-04-10 17:42:29,0.9961065,404.2776,196.4585,96.52251,44.1102,319.2269,35,33
2025-04-10 17:47:29,0.9950637,405.3599,199.0427,96.83234,44.30663,320.6071,35,34
2025-04-10 17:52:30,0.9974014,410.1865,196.2172,97.1459,44.71252,322.6856,35,35
2025-04-10 17:57:31,0.9868113,405.0028,200.7413,95.97259,44.01592,320.9663,34,34
2025-04-10 18:02:32,1.006526,412.9803,199.9334,97.37947,43.72514,319.5677,34,34
2025-04-10 18:07:33,0.9998258,404.2999,201.097,97.06451,43.39111,321.2959,34,35
2025-04-10 18:12:33,1.009075,405.0374,200.2795,97.142,44.06344,315.7713,34,36
2025-04-10 18:17:34,1.00525,403.9023,198.6526,97.22398,44.11303,322.715,33,37
2025-04-10 18:22:35,0.9854246,410.4876,199.0661,96.90954,43.48413,320.2617,33,36
2025-04-10 18:27:36,0.9763507,400.6096,202.1836,97.0675,44.11635,320.2593,33,36
2025-04-10 18:32:37,0.9821293,412.393,199.8955,97.22389,43.66523,318.192,33,36
2025-04-10 18:37:37,1.023453,408.2805,194.3654,96.98515,43.91798,315.8225,33,37
2025-04-10 18:42:38,1.011327,409.3831,200.5278,96.75372,43.91544,317.4999,33,37
2025-04-10 18:47:39,0.999962,407.5689,197.3905,97.29825,44.16521,320.6289,32,37
2025-04-10 18:52:40,1.01039,404.2779,200.033,96.75979,44.06429,317.4844,32,38
2025-04-10 18:57:41,0.9987141,407.9651,198.6853,97.46324,43.86829,327.0666,32,37
2025-04-10 19:02:41,1.041706,409.8139,197.6583,95.20681,43.86983,319.5157,32,37
2025-04-10 19:07:42,0.9979877,405.4039,200.3154,97.45926,43.72355,318.8734,32,37
2025-04-10 19:12:43,1.019695,411.273,198.875,96.51691,44.42085,320.6129,32,37
2025-04-10 19:17:44,0.9999919,405.4071,199.2777,96.52251,43.96912,319.5732,32,38
2025-04-10 19:22:45,1.009107,405.0222,196.8642,97.06372,43.3769,321.6558,32,38
2025-04-10 19:27:45,1.009151,409.7479,196.6917,96.21388,43.77109,322.7182,32,38
2025-04-10 19:32:46,0.9910784,408.2202,195.2174,96.52085,43.76479,314.7434,32,38
2025-04-10 19:37:47,1.007775,405.7578,198.8736,96.83356,43.38391,320.9578,32,38
2025-04-10 19:42:48,0.9987228,408.6383,199.4477,97.43954,43.53895,321.9638,32,38
2025-04-10 19:47:49,1.00127,400.7266,200.6683,95.5106,44.34921,318.2159,32,39
2025-04-10 19:52:49,1.011681,410.0777,200.8898,95.81924,44.26412,321.3033,32,39
2025-04-10 19:57:50,1.000009,407.9372,197.0652,97.2243,43.4777,319.2191,31,40
2025-04-10 20:02:51,1.005178,405.0472,196.8616,97.37286,43.7202,319.9182,31,40
2025-04-10 20:07:52,0.9987144,406.4816,199.0665,98.1773,44.0178,318.5292,31,41
2025-04-10 20:12:53,1.009278,402.5879,198.0633,97.38139,43.72625,321.6429,31,41
2025-04-10 20:17:53,1.003889,410.4955,196.8629,96.60037,43.96628,322.0085,31,42
2025-04-10 20:22:54,0.9909802,407.5844,198.0626,96.75622,44.21916,325.2131,31,40
2025-04-10 20:27:55,0.9973972,407.5676,197.457,96.43939,43.57161,320.264,31,40
2025-04-10 20:32:56,0.977539,405.0333,200.1119,97.85014,43.72945,312.2931,31,40
2025-04-10 20:37:57,1.002644,410.1894,197.2471,96.99241,44.01685,323.0874,31,40
2025-04-10 20:42:57,0.9908197,408.317,197.6571,98.23003,43.51684,318.8645,31,40
2025-04-10 20:47:58,1.010728,409.7962,198.1172,96.91308,43.77138,322.0661,31,40
2025-04-10 20:52:59,0.9830274,407.9305,197.0375,97.45992,42.82673,322.7164,31,40
2025-04-10 20:58:00,0.993443,406.4754,195.8268,97.14651,43.57889,321.3154,31,40
2025-04-10 21:03:01,1.001313,407.9416,200.3502,97.06824,43.37453,319.555,31,40
2025-04-10 21:08:02,1.014309,409.4034,200.1051,96.98888,43.62244,323.7691,31,40
2025-04-10 21:13:02,1.003974,412.3437,197.8586,97.38474,43.20274,315.356,31,40
2025-04-10 21:18:03,0.9923719,404.2601,198.2629,96.12384,43.90635,320.9543,31,40
2025-04-10 21:23:04,1.013145,407.5763,191.963,96.10581,43.34308,320.5863,30,40
2025-04-10 21:28:05,1.002657,406.4659,198.8778,96.8321,44.06508,319.9275,30,40
2025-04-10 21:33:06,1.005201,410.1487,196.2692,97.14118,44.41369,317.8418,30,41
2025-04-10 21:38:06,1.011655,404.6652,195.8631,96.75619,43.87198,318.903,30,40
2025-04-10 21:43:07,1.040111,404.2697,195.2489,97.53003,43.91824,321.2859,30,41
2025-04-10 21:48:08,1.015825,412.393,197.5579,96.60249,43.91844,316.7918,30,40
2025-04-10 21:53:09,0.9791757,398.7302,198.6623,96.67818,43.77266,320.2628,30,40
2025-04-10 21:58:10,1.013309,410.1462,196.459,96.05532,43.96027,313.534,30,40
2025-04-10 22:03:10,0.9871234,406.209,203.3315,96.44295,43.7252,334.9918,30,40
2025-04-10 22:08:11,0.983215,405.699,199.4681,97.29998,44.63371,321.2982,29,40
2025-04-10 22:13:12,1.002593,406.4799,197.4658,97.22054,42.80952,316.7444,29,40
2025-04-10 22:18:13,0.9922865,412.3103,196.6677,96.52354,44.01488,319.9206,29,40
2025-04-10 22:23:14,0.9974266,400.6509,197.6307,97.53146,43.63625,317.4749,29,40
2025-04-10 22:28:14,1.026318,403.8985,199.4946,97.78141,45.03797,318.8812,29,40
2025-04-10 22:33:15,1.013306,408.3079,197.1059,96.20802,43.77213,320.6985,29,40
2025-04-10 22:38:16,0.9907824,407.9444,200.2659,95.41666,43.8691,315.3338,29,40
2025-04-10 22:43:17,0.9908847,409.8154,200.1026,97.64184,43.9678,318.1682,29,40
2025-04-10 22:48:18,1.009035,404.7683,198.4697,97.07295,43.87009,319.1787,29,41
2025-04-10 22:53:18,0.99329,403.2507,197.2406,96.11757,45.07029,324.5579,29,41
2025-04-10 22:58:19,1.009228,408.3118,196.4402,96.75335,43.67246,318.5191,29,41
2025-04-10 23:03:20,1.020198,407.6175,198.473,96.19152,43.42943,319.205,29,41
2025-04-10 23:08:21,0.9986774,407.9476,197.6551,96.90954,43.7704,324.2846,29,41
2025-04-10 23:13:22,1.005295,411.3604,196.4335,96.50718,44.80128,321.6826,29,41
2025-04-10 23:18:22,1.021253,401.7446,198.4699,96.91477,44.11571,325.9247,29,41
2025-04-10 23:23:23,0.9947492,409.4189,194.7824,97.08875,43.87825,322.81,28,41
2025-04-10 23:28:24,1.018536,405.7232,198.664,95.89011,43.87034,320.2686,28,41
2025-04-10 23:33:25,0.9829101,405.3874,198.8703,96.84724,45.42612,318.5396,29,41
2025-04-10 23:38:26,1.018766,410.3605,199.3013,95.98547,43.8691,321.6634,28,42
2025-04-10 23:43:26,0.9842805,402.3818,199.6929,97.30521,43.62613,311.9637,28,42
2025-04-10 23:48:27,1.001196,408.2953,198.4581,97.37204,43.14386,320.6078,28,42
2025-04-10 23:53:28,0.9895663,407.9294,198.2347,96.75417,43.72538,319.5697,28,42
2025-04-10 23:58:29,0.999983,406.1203,200.4652,96.83182,43.72598,322.7296,28,42
2025-04-11 00:03:30,0.9882547,406.8403,197.6608,96.75404,44.69874,319.8874,28,42
2025-04-11 00:08:30,1.017668,407.5689,196.2498,97.94718,43.86972,323.0877,28,42
2025-04-11 00:13:31,1.024662,407.9377,199.949,96.8334,44.16378,319.2127,28,42
2025-04-11 00:18:32,1.016196,412.4013,200.7109,97.48372,43.76994,318.8675,28,42
2025-04-11 00:23:33,0.9907789,407.5786,199.4898,98.83983,42.76211,316.0409,28,42
2025-04-11 00:28:34,1.009276,409.0394,199.7209,97.70248,44.5099,319.968,28,42
2025-04-11 00:33:34,0.9975118,406.8688,199.2943,96.75264,43.77209,320.4737,28,42
2025-04-11 00:38:35,1.007943,404.3066,195.6577,96.75703,45.51632,318.4861,28,42
2025-04-11 00:43:36,1.042229,410.7516,199.0554,96.07069,43.82232,313.7939,28,42
2025-04-11 00:48:37,0.9883822,407.9403,202.4316,98.17162,44.45988,319.9166,28,42
2025-04-11 00:53:38,1.006558,409.8157,201.1062,96.36058,43.37917,320.2841,28,42
2025-04-11 00:58:38,0.9973855,407.5544,200.523,95.42142,43.72292,321.6661,28,42
2025-04-11 01:03:39,0.9906151,405.738,198.6756,96.83234,44.86671,314.9587,28,42
2025-04-11 01:08:40,0.9936013,411.9293,200.1062,96.43976,43.72355,318.8626,28,42
2025-04-11 01:13:41,1.015871,401.9359,198.6451,96.29675,44.51762,324.9294,28,42
2025-04-11 01:18:42,0.9973736,411.9715,201.4865,96.75308,43.72366,330.8004,28,43
2025-04-11 01:23:42,1.007886,414.9179,192.2151,96.67657,43.90786,320.2816,28,43
2025-04-11 01:28:43,1.005331,409.7787,197.2396,97.06911,43.82143,319.9029,28,43
2025-04-11 01:33:44,0.9960795,409.0451,200.1083,95.36353,44.01912,329.3913,28,43
2025-04-11 01:38:45,1.021309,401.3224,198.0628,97.84108,44.51374,326.2188,28,43
2025-04-11 01:43:46,0.9988251,411.6928,198.6693,96.12582,44.06527,321.3174,28,43
2025-04-11 01:48:46,0.9999911,409.4081,197.2492,97.16163,43.86983,318.484,28,43
2025-04-11 01:53:47,0.9921802,408.6667,201.3665,96.36546,44.3042,315.1151,28,43
2025-04-11 01:58:48,0.9895449,409.8123,201.0835,96.28649,43.72363,322.0108,28,43
2025-04-11 02:03:49,1.033566,409.7798,199.8958,96.60085,42.89725,317.4832,28,43
2025-04-11 02:08:50,0.9933642,403.5699,198.883,97.5378,44.10157,324.8983,28,44
2025-04-11 02:13:50,1.016678,406.8448,195.4343,97.3782,44.89305,314.8077,28,44
2025-04-11 02:18:51,0.9906755,407.955,200.3027,97.06676,43.38207,321.3146,28,45
2025-04-11 02:23:52,0.9998273,410.5334,196.0228,95.33665,43.77127,318.0981,28,44
2025-04-11 02:28:53,1.000027,411.2156,198.8708,96.75362,43.57124,322.3043,28,44
2025-04-11 02:33:54,0.9870339,406.481,204.0829,97.14525,43.62342,323.1246,28,44
2025-04-11 02:38:54,1.013199,406.4277,195.6196,96.82837,44.11449,331.3454,27,44
2025-04-11 02:43:55,1.014617,406.852,197.8593,96.83566,44.45533,319.9162,27,44
2025-04-11 02:48:56,1.018192,405.7821,202.9613,96.90755,44.53128,319.2205,27,44
2025-04-11 02:53:57,1.005171,404.3183,200.4976,96.75375,43.44461,318.5225,27,44
2025-04-11 02:58:58,0.9960764,407.2086,196.2332,97.4687,43.91811,326.7063,27,44
2025-04-11 03:03:58,0.9769127,408.6739,197.8589,97.06702,43.52975,321.7093,27,44
2025-04-11 03:08:59,1.002176,409.7949,199.4821,96.35818,44.26593,323.19,27,44
2025-04-11 03:14:00,1.000005,404.6075,195.6388,95.88526,45.03984,319.2152,27,44
2025-04-11 03:19:01,0.9791604,415.0252,191.7433,97.4614,43.72319,314.7774,27,44
2025-04-11 03:24:02,1.002598,405.3253,198.4718,96.58698,43.3306,319.9886,27,44
2025-04-11 03:29:02,0.9961107,401.6929,197.2436,97.69548,43.24308,321.2997,27,44
2025-04-11 03:34:03,1.006386,406.1733,197.6556,96.5232,43.62813,308.5555,27,44
2025-04-11 03:39:04,0.9574565,408.3032,199.7058,96.13278,43.62821,312.765,27,45
2025-04-11 03:44:05,1.005345,411.6537,197.6675,97.23141,44.49187,325.5124,27,45
2025-04-11 03:49:06,1.002634,405.0312,199.4569,97.14453,43.7242,316.4303,27,45
2025-04-11 03:54:06,1.007836,408.2998,198.8713,97.15362,43.92278,317.8398,27,45
2025-04-11 03:59:07,1.005176,400.7113,200.7259,97.62225,43.96696,319.5614,27,45
2025-04-11 04:04:08,1.025517,400.0148,202.8774,97.06726,43.19414,315.8148,27,45
2025-04-11 04:09:09,0.9858042,405.758,198.8693,95.44509,43.77214,321.2955,27,45
2025-04-11 04:14:10,1.009143,412.3976,198.6617,96.75756,44.65482,317.482,27,45
2025-04-11 04:19:10,0.9909523,410.1259,205.0612,96.98856,43.14683,321.9527,27,45
2025-04-11 04:24:11,1.001287,404.3685,197.8627,97.14326,43.37507,317.846,27,45
2025-04-11 04:29:12,0.9973706,409.4526,197.6645,98.09712,43.77345,319.574,27,45
2025-04-11 04:34:13,1.00541,408.6644,200.5099,96.52375,43.67702,323.3007,27,45
2025-04-11 04:39:14,0.9961912,405.0295,196.4351,96.83383,43.8219,318.882,27,45
2025-04-11 04:44:14,1.010397,411.6106,198.4646,97.06512,44.16806,320.6048,27,46
2025-04-11 04:49:15,0.9897291,409.4447,198.6639,96.75478,43.91811,320.9449,27,46
2025-04-11 04:54:16,1.00651,409.0168,198.6744,95.68219,43.72589,318.8841,27,46
2025-04-11 04:59:17,0.9935714,407.2057,198.7924,97.21574,43.40481,313.5028,27,46
2025-04-11 05:04:18,1.020726,406.6295,197.8651,96.60476,44.58964,324.836,27,46
2025-04-11 05:09:18,0.9668727,419.3097,193.7278,96.23262,44.48565,323.2945,27,46
2025-04-11 05:14:19,1.008211,406.9145,198.7907,96.62424,43.87915,318.3896,27,46
2025-04-11 05:19:20,0.9890862,409.9286,199.755,97.71384,44.0978,316.7391,27,46
2025-04-11 05:24:21,0.9811063,404.4216,195.9546,96.53664,45.29776,318.6936,27,46
2025-04-11 05:29:22,0.9814356,406.4342,200.6423,97.50968,43.82502,319.944,27,46
2025-04-11 05:34:22,0.9813196,403.7428,196.8922,96.53249,44.34007,318.3137,27,46
2025-04-11 05:39:23,1.000132,411.9893,200.314,96.4767,43.91895,324.0335,27,46
2025-04-11 05:44:24,0.9928835,411.5844,196.9512,96.61746,44.3207,322.1903,27,46
2025-04-11 05:49:25,1.016992,409.9717,197.3208,96.83882,44.68587,317.0289,27,46
2025-04-11 05:54:26,0.9882315,408.919,199.9471,96.82991,44.19356,326.5992,26,46
2025-04-11 05:59:26,0.9830667,415.5241,198.2494,97.12168,44.28744,319.608,26,46
2025-04-11 06:04:27,1.015973,401.4628,200.7189,97.27148,43.82612,324.1885,26,47
2025-04-11 06:09:28,0.9910727,408.9347,200.3072,97.27097,44.10316,318.6649,26,47
2025-04-11 06:14:29,1.004854,405.5439,201.8567,96.82508,43.59799,319.5239,26,47
2025-04-11 06:19:30,0.9668705,404.1935,196.7456,99.51178,42.83826,320.5859,26,47
2025-04-11 06:24:30,1.002155,407.2274,196.3504,96.90686,44.00978,322.9172,27,47
2025-04-11 06:29:31,1.004932,407.9199,197.4293,98.20457,44.0114,320.9269,27,47
2025-04-11 06:34:32,0.982381,405.8452,199.0169,96.24387,43.8497,319.585,27,47
2025-04-11 06:39:33,1.001093,413.8056,190.0998,97.56813,44.14671,317.4077,27,47
2025-04-11 06:44:34,1.011952,405.1616,197.4846,96.68673,43.86784,320.5843,27,47
2025-04-11 06:49:34,1.024797,407.5658,197.6794,97.05436,43.59667,317.6342,27,47
2025-04-11 06:54:35,0.9963478,408.8725,195.6209,95.81934,43.55626,313.135,27,48
2025-04-11 06:59:36,0.9876522,407.2214,199.7522,97.05228,43.59324,320.5902,27,48
2025-04-11 07:04:37,0.990165,409.6625,200.9667,96.3894,43.91943,323.2463,27,48
2025-04-11 07:09:38,0.9718289,406.5059,198.0542,96.8307,44.42244,318.5883,27,48
2025-04-11 07:14:38,1.012791,403.3271,200.3994,96.90763,43.88074,326.8362,27,49
2025-04-11 07:19:39,1.000925,406.8661,195.7067,96.24408,43.68307,320.603,27,49
2025-04-11 07:24:40,0.9899912,406.5114,196.71,96.38705,44.01299,325.4065,27,48
2025-04-11 07:29:41,0.9938518,404.4041,199.6062,97.29021,43.21963,315.5096,28,49
2025-04-11 07:34:42,1.001188,408.2798,195.9412,97.80969,43.82536,319.9411,28,50
2025-04-11 07:39:42,1.007369,408.2642,198.5925,95.98853,43.64277,312.2149,28,50
2025-04-11 07:44:43,0.9890595,407.94,196.3686,96.90532,43.82669,318.9525,28,50
2025-04-11 07:49:44,1.002385,402.12,200.737,96.7676,44.09829,314.4688,29,50
2025-04-11 07:54:45,1.014752,398.4581,198.2656,97.33795,44.51168,317.0494,29,50
2025-04-11 07:59:46,1.006019,409.5993,197.3294,97.34043,44.053,320.2572,29,50
2025-04-11 08:04:46,1.004811,409.2598,198.2474,96.61643,43.77945,322.1847,29,50
2025-04-11 08:09:47,0.9811092,407.2144,197.8731,97.26286,44.23376,326.1602,29,51
2025-04-11 08:14:48,1.004752,404.8813,198.4402,95.77016,43.82893,323.2217,29,51
2025-04-11 08:19:49,1.023394,404.2487,197.6996,96.83492,43.10846,319.2885,29,51
2025-04-11 08:24:50,0.9900572,406.5433,199.5525,96.10841,44.23895,326.6541,30,51
2025-04-11 08:29:50,0.9986859,408.6714,189.5131,96.83388,44.58221,318.2765,30,50
2025-04-11 08:34:51,1.014955,408.6137,198.0584,96.4785,44.01695,320.2876,30,51
2025-04-11 08:39:52,1.005002,401.3037,197.6583,96.61067,43.08337,312.1318,30,50
2025-04-11 08:44:53,1.012645,406.5108,198.257,96.45766,45.04929,318.259,30,50
2025-04-11 08:49:54,1.004879,411.775,196.7224,97.20318,44.77259,319.2072,29,51
2025-04-11 08:54:55,1.007495,397.5238,196.7078,97.42403,43.95272,321.2571,30,51
2025-04-11 08:59:55,0.9769634,415.6201,196.1548,97.27786,43.82633,321.2451,30,52
2025-04-11 09:04:56,0.9937859,409.6717,199.807,96.23457,43.92477,316.9317,31,52
2025-04-11 09:09:57,1.003694,404.4759,198.0536,96.97631,44.95593,315.3326,31,52
2025-04-11 09:14:58,1.003671,405.8181,198.0655,96.70144,44.24125,320.9208,31,52
2025-04-11 09:19:59,1.027203,407.5775,198.6358,96.75645,43.873,322.8866,31,52
2025-04-11 09:24:59,1.003678,410.976,199.2242,96.83139,44.56941,322.2285,31,52
2025-04-11 09:30:00,0.9747294,410.704,197.1516,96.17954,44.01101,317.3075,31,52
2025-04-11 09:35:01,1.020751,402.0801,197.8481,96.18018,43.9208,318.6137,32,52
2025-04-11 09:40:02,1.006094,406.5468,197.5015,97.12305,44.65974,315.8041,32,53
2025-04-11 09:45:03,1.00738,407.2188,198.274,97.12868,44.01156,322.569,32,52
2025-04-11 09:50:03,0.992782,408.6042,198.4498,96.9796,43.59637,319.5705,32,52
2025-04-11 09:55:04,1.000047,408.952,198.4375,97.58788,45.03022,330.9114,32,51
2025-04-11 10:00:05,0.9937896,402.5058,197.8648,97.71819,42.87074,318.2515,32,51
2025-04-11 10:05:06,1.002485,405.449,199.7858,96.75896,43.63776,320.9248,33,50
2025-04-11 10:10:07,0.9773263,407.2961,202.1693,97.12746,43.73751,320.2638,32,51
2025-04-11 10:15:07,1.006159,410.9046,199.689,96.76113,44.27463,320.8997,33,52
2025-04-11 10:20:08,0.9951335,408.5955,198.07,96.3988,44.23637,321.8886,33,50
2025-04-11 10:25:09,0.9806068,404.1849,200.9095,97.71261,44.14931,320.2669,34,50
2025-04-11 10:30:10,0.9763351,402.4917,198.2527,95.80048,43.64566,320.2609,33,49
2025-04-11 10:35:11,0.997588,406.2194,201.8562,97.49964,44.62115,323.196,33,49
2025-04-11 10:40:11,0.9988669,406.5483,199.1915,96.53959,44.05483,315.1127,33,50
2025-04-11 10:45:12,0.9951879,411.3406,198.9953,97.55054,44.46603,321.8494,34,51
2025-04-11 10:50:13,1.015556,409.321,195.9912,96.68674,44.19138,322.2032,34,52
2025-04-11 10:55:14,0.9962874,415.4595,197.6815,97.05332,44.28754,320.2589,35,51
2025-04-11 11:00:15,1.005985,412.2945,199.3969,97.04531,43.87372,319.9387,35,49
2025-04-11 11:05:15,0.9749902,406.1821,195.1341,97.35986,42.46787,320.938,35,51
2025-04-11 11:10:16,1.00855,409.6465,202.1744,95.95373,43.10557,315.7386,35,46
2025-04-11 11:15:17,0.9951195,405.1832,201.1277,96.83208,43.60052,318.7199,36,49
2025-04-11 11:20:18,1.012355,410.4013,194.7929,96.53568,43.23809,317.9523,35,48
2025-04-11 11:25:19,1.001262,408.5526,198.9802,95.68529,44.82794,320.5943,35,47
2025-04-11 11:30:19,0.9866212,406.5561,203.2414,96.90508,42.84071,320.2591,35,49
2025-04-11 11:35:20,1.001294,404.4673,199.5934,97.27164,43.69106,325.9291,36,50
2025-04-11 11:40:21,1.0109,409.2635,197.3178,96.32668,44.14412,315.7487,36,50
2025-04-11 11:45:22,0.9975845,408.9568,199.3711,96.68788,43.42714,318.9716,37,50
2025-04-11 11:50:23,0.997578,406.5519,196.9349,96.54138,43.87289,319.2867,37,50
2025-04-11 11:55:23,1.018783,411.7372,198.829,96.61004,43.73546,319.9285,37,47
2025-04-11 12:00:24,0.9926401,409.6449,194.8196,96.46665,43.49358,317.9677,36,47
2025-04-11 12:05:25,1.001203,408.5921,199.7572,96.75841,44.27384,322.2537,36,47
2025-04-11 12:10:26,0.9939574,407.2273,198.6315,97.50294,44.10231,317.3211,36,48
2025-04-11 12:15:27,0.9951335,410.7427,198.4416,97.63491,43.82693,323.9265,36,47
2025-04-11 12:20:27,1.004991,408.9018,201.5954,96.23756,44.15112,314.9509,36,47
2025-04-11 12:25:28,1.00129,401.0663,198.5962,97.80482,43.77883,322.9312,36,46
2025-04-11 12:30:29,0.9938479,409.9962,194.1911,96.61022,43.73366,319.9294,36,46
2025-04-11 12:35:30,0.9928199,406.2279,200.1133,96.70675,43.20165,320.5847,36,47
2025-04-11 12:40:31,1.00239,406.5526,197.8732,96.83208,43.7818,320.2646,37,49
2025-04-11 12:45:31,0.9937304,412.8735,199.5934,95.79298,43.87183,323.5496,37,47
2025-04-11 12:50:32,0.9775301,400.2795,199.2206,96.75723,43.87278,322.5698,37,45
2025-04-11 12:55:33,1.00873,408.2688,201.3363,97.79267,43.87213,320.9254,36,45
2025-04-11 13:00:34,0.9987328,406.8576,198.0619,96.83274,44.01199,319.5808,36,45
2025-04-11 13:05:35,0.9999858,407.9066,196.5872,96.47084,42.24848,324.5405,36,44
2025-04-11 13:10:35,0.9870561,413.3147,197.3334,96.47543,43.34445,319.9222,37,47
2025-04-11 13:15:36,1.020969,403.9542,197.3346,95.85584,43.96207,316.8207,38,49
2025-04-11 13:20:37,1.002321,406.9352,197.0449,98.39262,43.52326,319.6391,39,48
2025-04-11 13:25:38,0.9889936,403.0906,194.6385,97.70957,43.82692,320.2617,39,47
2025-04-11 13:30:39,0.9928698,408.2463,196.3656,96.25614,44.19325,316.3737,39,45
2025-04-11 13:35:39,0.9743708,405.8476,195.6064,97.57137,43.64348,322.5941,39,45
2025-04-11 13:40:40,0.9940409,404.5586,198.2464,96.90463,43.5612,318.9659,38,44
2025-04-11 13:45:41,1.003635,415.0193,197.7096,96.83208,44.19099,320.2629,38,45
2025-04-11 13:50:42,0.999916,403.8236,200.5613,97.33838,43.33799,320.8162,38,44
2025-04-11 13:55:43,0.9690149,404.1047,199.4101,96.97976,43.55161,320.9145,38,44
2025-04-11 14:00:43,1.010135,411.4694,198.2563,98.64986,44.01208,316.3579,38,43
2025-04-11 14:05:44,0.9779016,407.2308,196.177,97.12656,43.41596,319.9287,38,43
2025-04-11 14:10:45,1.000007,406.8648,196.5531,97.41761,44.42545,323.8659,37,43
2025-04-11 14:15:46,1.002471,406.5544,201.3271,97.32789,43.24161,318.9514,37,44
2025-04-11 14:20:47,0.9987434,408.2616,202.1704,98.328,43.63702,320.2723,38,44
2025-04-11 14:25:47,0.9975368,404.4661,198.2558,96.90521,43.5477,323.8954,38,42
2025-04-11 14:30:48,0.998737,408.6107,197.2948,96.30286,44.10274,315.9643,37,42
2025-04-11 14:35:49,0.9851968,407.5634,198.638,97.7295,43.2696,320.5905,37,43
2025-04-11 14:40:50,0.9964045,408.5762,201.316,96.83295,43.96366,318.6346,37,43
2025-04-11 14:45:51,1.002575,397.6882,197.4728,97.36322,43.82418,320.9387,37,43
2025-04-11 14:50:51,1.017071,407.8591,198.8059,96.68818,44.05326,324.519,38,41
2025-04-11 14:55:52,0.9575509,415.5647,200.8842,97.21181,43.42015,316.3681,39,44
2025-04-11 15:00:53,1.009121,402.4904,201.6908,96.42716,43.91911,318.4594,39,43
2025-04-11 15:05:54,0.994285,409.8468,197.3531,96.97392,43.57444,321.8708,43,51
2025-04-11 15:10:55,0.9903145,401.3897,198.2486,96.90487,43.32452,320.262,46,43
2025-04-11 15:15:55,0.9742188,408.9544,198.2346,97.35024,43.61739,316.9442,47,33
2025-04-11 15:20:56,1.015268,406.8756,199.4181,97.20368,42.45964,316.3016,44,32
2025-04-11 15:25:57,1.003479,411.2114,198.6031,96.48052,43.56863,326.2994,43,33
2025-04-11 15:30:58,1.004692,404.4832,197.1092,96.72897,43.42524,321.2352,42,41
2025-04-11 15:35:59,0.997652,407.243,199.5335,96.90166,43.56222,320.8885,45,33
2025-04-11 15:40:59,1.000016,411.4537,195.942,96.46249,43.82599,320.5851,46,35
2025-04-11 15:46:00,0.9962175,406.2153,199.0473,96.14087,43.77624,322.9843,45,29
2025-04-11 15:51:01,1.013776,413.5774,198.2534,96.6093,43.92121,319.9433,42,27
2025-04-11 15:56:02,1.011355,407.5656,198.6474,95.93481,43.96375,317.2468,42,31
2025-04-11 16:01:03,1.006165,416.7261,199.5924,98.02981,43.06698,318.6649,41,29
2025-04-11 16:06:03,1.001214,406.5659,200.5436,96.68791,43.96305,319.6118,41,33
2025-04-11 16:11:04,0.9951973,408.9886,198.6256,96.90434,43.73666,322.8913,42,32
2025-04-11 16:16:05,0.9827983,408.6103,197.8764,96.85266,42.90253,315.4701,44,32
2025-04-11 16:21:06,1.012432,406.1968,197.688,96.68482,43.36433,325.514,44,29
2025-04-11 16:26:07,1.007424,409.336,201.1447,97.35026,43.9953,323.1307,43,29
2025-04-11 16:31:07,1.010026,413.6286,198.2541,96.98271,43.50143,321.9318,42,29
2025-04-11 16:36:08,0.9975183,413.6002,198.2863,97.64597,43.6274,322.9534,43,28
2025-04-11 16:41:09,0.9975293,415.6439,197.2963,96.02128,44.61919,317.6693,43,28
2025-04-11 16:46:10,1.012651,407.2055,199.4342,97.05848,43.58977,318.6402,42,28
2025-04-11 16:51:11,1.001128,407.5285,195.0981,97.45744,44.02212,318.9016,42,27
2025-04-11 16:56:11,0.998612,409.0135,196.137,94.77818,43.31196,322.3115,40,27
2025-04-11 17:01:12,0.993663,412.6609,198.6828,96.07602,43.6796,320.9449,38,28
2025-04-11 17:06:13,1.014855,409.6964,198.6651,97.05816,43.73218,321.9979,37,29
2025-04-11 17:11:14,1.024272,408.6374,197.8685,96.76609,43.77983,323.6383,36,30
2025-04-11 17:16:15,1.025977,406.1541,197.669,96.45176,43.53987,324.7384,36,30
2025-04-11 17:21:15,1.001382,403.2931,197.6716,96.6795,44.06191,318.9026,35,31
2025-04-11 17:26:16,1.009029,410.4024,199.2709,96.8347,44.10714,319.2566,35,30
2025-04-11 17:31:17,1.007488,408.2749,200.0027,96.31257,44.10421,317.9879,34,31
2025-04-11 17:36:18,0.9974844,411.5227,197.6662,97.05579,44.15292,321.2068,34,33
2025-04-11 17:41:19,0.9949066,413.4279,199.8297,97.36023,44.01101,326.6519,34,34
2025-04-11 17:46:19,1.000008,409.6693,195.7531,96.09073,42.49197,315.6084,33,35
2025-04-11 17:51:20,1.011183,408.9594,193.2067,97.05447,43.7324,323.9719,33,36
2025-04-11 17:56:21,1.01796,401.5541,198.4496,96.75642,44.24534,321.6005,33,36
2025-04-11 18:01:22,1.009891,396.5537,198.6864,98.76035,43.9639,318.9256,32,35
2025-04-11 18:06:23,1.004941,410.6648,201.3669,96.088,43.59697,318.9469,32,36
2025-04-11 18:11:23,1.000009,408.6332,198.8442,96.38023,44.4992,313.3437,32,37
2025-04-11 18:16:24,1.010027,406.8617,194.9714,96.68252,43.50008,321.9276,32,36
2025-04-11 18:21:25,0.9949103,409.0023,197.6795,96.75536,43.59506,319.2498,32,37
2025-04-11 18:26:26,1.005027,410.4694,197.4627,96.75767,44.39072,324.6091,32,36
2025-04-11 18:31:27,0.983678,408.9591,200.0122,96.23574,43.96529,317.602,32,37
2025-04-11 18:36:27,0.9987088,405.8359,197.2978,96.68355,42.89119,321.6767,32,37
2025-04-11 18:41:28,1.007652,408.971,200.2231,94.6989,43.73146,315.255,32,37
2025-04-11 18:46:29,1.005127,408.6273,202.2807,96.60547,43.77825,320.2671,31,37
2025-04-11 18:51:30,0.9999763,405.4672,198.0708,94.3645,44.10689,318.9323,31,37
2025-04-11 18:56:31,1.014082,410.7928,200.2159,97.67107,45.39295,318.5929,31,37
2025-04-11 19:01:31,0.9812827,405.4637,197.6745,96.75767,43.77911,321.5996,31,37
2025-04-11 19:06:32,1.019625,414.2571,197.4581,97.36282,44.38047,322.3008,31,37
2025-04-11 19:11:33,0.9936684,406.5204,198.6442,97.41208,43.91933,318.5708,31,37
2025-04-11 19:16:34,0.9814587,407.9137,200.5774,96.29794,43.96431,315.9554,31,37
2025-04-11 19:21:35,0.9874331,401.966,200.3869,97.41903,42.78283,315.6088,31,37
2025-04-11 19:26:35,1.004825,408.2552,195.7808,97.8542,43.73687,319.587,31,37
2025-04-11 19:31:36,1.015174,406.8736,199.2291,96.31502,43.24193,323.2546,31,38
2025-04-11 19:36:37,1.006278,408.6242,198.6503,96.75809,44.01137,321.2677,31,37
2025-04-11 19:41:38,0.99382,410.0149,196.7192,95.73122,43.3177,319.9369,31,37
2025-04-11 19:46:39,1.001235,406.8637,200.0014,96.30576,43.36934,320.6073,31,38
2025-04-11 19:51:39,0.9861189,410.0395,196.7222,97.20811,44.05877,323.6383,31,38
2025-04-11 19:56:40,0.9901329,410.6566,200.231,96.83226,43.45626,323.2814,31,38
2025-04-11 20:01:41,0.9825326,405.8131,199.2358,95.92274,43.54265,321.28,31,38
2025-04-11 20:06:42,1.001004,406.0762,196.8919,96.22662,43.73085,316.2419,31,38
2025-04-11 20:11:43,0.9975245,409.6662,199.2365,96.38695,43.77935,323.2651,31,39
2025-04-11 20:16:43,1.012968,410.4371,198.4575,95.92551,44.06168,325.3253,31,39
2025-04-11 20:21:44,1.00127,408.6315,196.1125,96.6808,43.31212,319.9274,31,39
2025-04-11 20:26:45,0.9948038,411.1125,196.5258,97.8212,44.152,317.8792,30,39
2025-04-11 20:31:46,1.002436,408.5975,198.4331,97.05117,43.82751,319.9357,31,40
2025-04-11 20:36:47,0.9890148,406.5352,197.2934,97.05326,43.17797,320.2628,31,41
2025-04-11 20:41:47,0.9889248,402.5282,197.495,97.12864,43.59885,324.2399,31,41
2025-04-11 20:46:48,1.001252,406.5031,196.4289,98.60731,44.19013,319.9466,30,40
2025-04-11 20:51:49,0.9828913,407.5702,198.0403,98.25838,43.78136,321.576,30,42
2025-04-11 20:56:50,0.9875589,408.6,197.9718,96.38586,43.87629,321.2574,30,41
2025-04-11 21:01:51,1.005111,405.4958,197.8817,97.58244,44.01202,319.5933,30,41
2025-04-11 21:06:51,0.9975392,405.1632,194.4187,96.97208,43.65142,316.6455,30,41
2025-04-11 21:11:52,0.9916173,407.9042,193.893,97.0485,43.92638,320.5873,30,42
2025-04-11 21:16:53,0.9827949,407.9168,200.1445,95.89117,43.64714,319.6174,30,43
2025-04-11 21:21:54,0.9937748,408.9552,199.396,97.34927,43.82695,320.9035,30,43
2025-04-11 21:26:55,1.008609,406.5394,198.6325,95.87839,43.77791,318.2944,30,43
2025-04-11 21:31:55,0.9987732,407.2278,193.1968,96.53983,44.14869,320.2607,30,42
2025-04-11 21:36:56,0.972098,411.7489,198.4411,97.197,43.46148,319.9345,30,42
2025-04-11 21:41:57,1.001209,405.902,199.3838,97.5136,44.14877,326.6601,30,42
2025-04-11 21:46:58,1.004945,406.8788,195.56,96.01836,44.77172,322.9231,30,42
2025-04-11 21:51:59,1.012484,405.9564,201.0538,96.46079,43.87718,321.9691,30,43
2025-04-11 21:56:59,0.994183,408.2671,200.9763,97.65508,44.05848,323.8306,30,43
2025-04-11 22:02:00,0.995019,404.7485,196.5217,96.83253,44.49185,314.4211,30,43
2025-04-11 22:07:01,1.007505,407.9211,194.9086,97.66055,43.91857,318.9397,30,43
2025-04-11 22:12:02,0.9854411,399.3651,194.6363,96.75727,45.2069,321.2687,30,43
2025-04-11 22:17:03,0.9851597,411.8546,197.6766,96.23837,43.77901,318.9407,30,43
2025-04-11 22:22:03,1.022984,410.4029,196.3299,95.31847,43.17089,315.2825,29,43
2025-04-11 22:27:04,0.9763718,407.2231,198.8406,96.60892,43.31429,317.9401,29,43
2025-04-11 22:32:05,1.007443,404.1227,199.7898,96.30859,44.01081,318.2867,29,43
2025-04-11 22:37:06,0.9689833,409.9601,197.8079,97.589,43.87182,321.5596,29,43
2025-04-11 22:42:07,1.003752,409.6879,196.1319,98.04333,43.82507,318.2303,29,43
2025-04-11 22:47:07,1.002559,414.2002,195.131,96.90192,44.01238,318.6739,29,43
2025-04-11 22:52:08,1.002707,405.4268,199.4632,96.53032,43.87104,320.5926,29,43
2025-04-11 22:57:09,0.9912094,406.5099,197.67,97.44874,43.58674,321.2558,29,43
2025-04-11 23:02:10,0.9962312,405.8158,197.289,96.83163,43.73154,323.9222,29,44
2025-04-11 23:07:11,0.9999966,407.9237,194.3402,96.92545,43.44743,319.9203,29,45
2025-04-11 23:12:11,1.003808,407.9239,198.0341,97.3737,43.91829,319.5901,29,44
2025-04-11 23:17:12,0.9923968,406.8657,198.2823,95.01605,42.96877,320.9644,29,44
2025-04-11 23:22:13,0.980862,407.9272,198.273,95.91763,43.77721,320.9332,29,44
2025-04-11 23:27:14,0.9987313,412.8224,199.8294,96.97617,43.76708,324.0622,29,44
2025-04-11 23:32:15,1.012122,401.6707,198.8316,97.43077,42.94848,320.8479,29,44
2025-04-11 23:37:15,0.9949718,405.1663,200.5696,97.5517,44.1959,321.2631,29,44
2025-04-11 23:42:16,1.025722,410.2741,198.0621,96.4752,43.28811,323.8387,29,45
2025-04-11 23:47:17,1.007392,411.4543,198.8381,96.90431,43.91816,320.2527,29,45
2025-04-11 23:52:18,0.9887007,409.705,194.9898,98.12404,44.05729,319.9291,29,45
2025-04-11 23:57:19,1.001239,407.5712,196.9035,96.0812,43.68242,321.259,29,45
2025-04-12 00:02:19,1.005008,407.5722,201.2235,96.07137,43.6765,326.9446,29,45
2025-04-12 00:07:20,1.011573,413.5264,198.4135,96.68175,43.82534,319.9331,29,45
2025-04-12 00:12:21,1.012694,407.9503,195.9805,95.85603,44.54097,321.7547,28,45
2025-04-12 00:17:22,0.9974833,402.3798,199.8569,97.44444,45.12239,327.6127,28,45
2025-04-12 00:22:23,0.9962486,403.0162,196.8962,95.62527,43.87135,322.5867,28,45
2025-04-12 00:27:23,0.9776217,408.9918,198.6513,96.60031,44.4432,324.7429,28,45
2025-04-12 00:32:24,0.9937214,408.9939,198.2582,97.75311,43.91724,324.3266,28,45
2025-04-12 00:37:25,1.002519,404.0386,196.1103,97.73798,43.8713,322.9869,28,45
2025-04-12 00:42:26,0.9887583,405.4552,202.6486,97.51076,45.16883,317.2195,28,45
2025-04-12 00:47:27,1.025017,411.8933,197.447,97.28798,43.91572,322.9672,28,45
2025-04-12 00:52:27,1.005015,406.1459,195.9137,97.1297,45.66228,320.2736,28,45
2025-04-12 00:57:28,0.9899395,404.0529,197.2831,96.45843,44.10741,319.5805,28,45
2025-04-12 01:02:29,0.9902092,400.5531,198.6475,97.60117,44.05955,321.6174,28,45
2025-04-12 01:07:30,1.008785,406.5075,198.4515,96.22902,42.58594,315.0456,28,45
2025-04-12 01:12:31,0.9862586,402.5778,199.8352,96.38268,43.30178,319.2368,28,45
2025-04-12 01:17:31,0.9899817,410.7476,194.4227,95.1795,44.40466,324.6248,28,46
2025-04-12 01:22:32,0.9987595,410.3898,195.5824,95.39461,44.10694,318.264,28,46
2025-04-12 01:27:33,1.003756,408.9056,196.3437,97.85356,44.62205,320.9232,28,46
2025-04-12 01:32:34,0.9900738,405.2627,195.7812,96.2262,43.07901,319.2424,28,46
2025-04-12 01:37:35,0.977455,401.9832,197.4815,97.20833,43.68517,319.6023,28,46
2025-04-12 01:42:36,1.002518,410.8158,195.5548,96.6061,44.29951,317.5357,28,46
2025-04-12 01:47:36,0.993759,406.1223,195.746,96.25554,43.17765,321.3358,28,46
2025-04-12 01:52:37,0.9963041,411.4505,200.0199,97.51337,44.8596,318.2487,28,46
2025-04-12 01:57:38,1.002445,407.9214,202.4878,97.59378,44.10761,318.2491,28,46
2025-04-12 02:02:39,0.9924718,407.2238,198.4509,96.60648,43.40333,319.5916,28,46
2025-04-12 02:07:40,1.021835,396.4876,196.5031,96.98479,43.54667,317.5913,28,46
2025-04-12 02:12:40,0.9948349,407.5689,200.1733,97.66164,43.73106,314.546,28,46
2025-04-12 02:17:41,1.006438,408.9819,197.669,98.88744,44.527,318.1817,28,46
2025-04-12 02:22:42,0.9861993,402.0455,196.924,96.22487,44.44011,311.8176,28,46
2025-04-12 02:27:43,0.9974813,409.6909,195.5388,96.75597,44.05923,323.0009,28,46
2025-04-12 02:32:44,1.003778,405.8477,197.8654,96.98763,44.15372,321.2356,28,46
2025-04-12 02:37:44,1.013655,415.3375,197.8684,97.76547,43.12338,320.5987,28,46
2025-04-12 02:42:45,0.9975019,407.2212,198.8546,95.61886,43.54574,321.2674,28,47
2025-04-12 02:47:46,0.9971465,406.5135,198.2562,96.75576,43.77752,317.1761,28,46
2025-04-12 02:52:47,0.996208,409.7137,198.6469,96.7588,43.32784,308.3944,28,47
2025-04-12 02:57:48,1.00503,403.4278,197.0941,94.79262,44.1966,322.9686,28,47
2025-04-12 03:02:48,1.007537,404.7311,199.0381,95.76205,42.63105,315.1867,28,47
2025-04-12 03:07:49,0.9912233,406.5092,199.1746,96.1655,43.25645,319.9275,28,47
2025-04-12 03:12:50,0.996184,417.563,195.3356,96.07462,43.96539,322.9641,28,47
2025-04-12 03:17:51,1.010095,418.6051,200.417,97.34874,43.77713,316.8523,28,47
2025-04-12 03:22:52,1.026677,411.1401,201.6409,96.90502,44.15218,312.5203,28,47
2025-04-12 03:27:52,0.9785288,406.8872,197.6886,97.86646,43.40934,320.5959,28,47
2025-04-12 03:32:53,1.002491,402.6175,195.9243,96.90768,43.73161,318.9336,28,47
2025-04-12 03:37:54,0.9899968,409.3333,197.2912,96.01798,43.872,314.1878,28,47
2025-04-12 03:42:55,0.9896937,407.57,197.8598,97.44827,43.16782,318.2545,27,47
2025-04-12 03:47:56,1.014996,406.1772,199.2374,96.98236,44.19967,319.2605,27,47
2025-04-12 03:52:56,0.9750305,408.2721,199.619,97.2832,44.00714,319.29,27,47
2025-04-12 03:57:57,1.003754,415.0542,196.8952,95.04407,43.77826,318.9273,27,47
2025-04-12 04:02:58,1.0,407.2181,198.2527,98.1606,44.10574,320.9337,27,47
2025-04-12 04:07:59,1.020366,408.2673,200.9876,95.7075,43.9661,324.3171,27,47
2025-04-12 04:13:00,1.007582,410.031,193.6947,97.70998,43.68726,312.1953,27,47
2025-04-12 04:18:00,0.9979417,410.3677,198.6417,95.7215,44.01117,317.5704,27,47
2025-04-12 04:23:01,0.9986459,407.4209,199.2238,97.57663,43.87404,322.2681,27,47
2025-04-12 04:28:02,1.025137,406.1776,203.63,97.18535,43.31794,326.4726,27,47
2025-04-12 04:33:03,0.9728809,401.0336,198.8332,96.16489,42.82385,319.9323,27,47
2025-04-12 04:38:04,1.009966,411.1156,196.1311,96.83418,44.10164,313.5983,27,48
2025-04-12 04:43:04,1.004986,405.4776,199.024,96.60394,43.49693,327.8284,27,48
2025-04-12 04:48:05,0.9839743,411.7866,198.0381,96.53431,44.19937,327.0656,27,48
2025-04-12 04:53:06,1.010005,407.5634,198.6437,97.05621,43.17832,326.0102,27,48
2025-04-12 04:58:07,0.9950205,407.5818,199.61,96.75634,44.10442,318.9117,27,48
2025-04-12 05:03:08,0.9891406,412.0779,199.0274,96.69529,43.8714,323.249,27,48
2025-04-12 05:08:08,1.012363,405.5117,200.9226,96.90631,45.15994,319.5932,27,48
2025-04-12 05:13:09,0.9926083,408.8179,197.6592,96.98064,43.27782,320.2548,27,48
2025-04-12 05:18:10,1.012351,397.6004,196.7298,98.30222,44.42791,323.5947,27,48
2025-04-12 05:23:11,0.9950933,405.8523,199.3981,96.53963,44.0561,318.9577,27,48
2025-04-12 05:28:12,1.002424,408.6021,199.5404,96.85966,44.23599,319.2502,27,48
2025-04-12 05:33:12,1.012241,408.5844,198.6219,96.61641,43.5592,306.6368,27,48
2025-04-12 05:38:13,0.998591,406.556,197.8741,97.26788,44.47157,320.9095,27,48
2025-04-12 05:43:14,1.0038,412.2202,197.8647,95.37914,44.09935,321.5553,27,48
2025-04-12 05:48:15,1.007304,410.6468,199.2221,96.39919,44.23647,321.2655,27,48
2025-04-12 05:53:16,0.9915753,410.6428,197.3156,96.99331,44.42887,314.3953,27,49
2025-04-12 05:58:16,1.014777,401.8116,198.4404,95.47924,43.36516,319.2874,27,49
2025-04-12 06:03:17,0.9976919,398.7155,195.4457,94.9642,44.17508,322.4442,27,49
2025-04-12 06:08:18,0.9768666,400.5366,197.1771,97.03976,43.87565,318.7356,27,49
2025-04-12 06:13:19,1.000028,412.3004,199.7124,98.1955,43.44337,323.4367,27,49
2025-04-12 06:18:20,0.9870922,403.1792,200.8848,95.7664,43.55974,316.7563,27,49
2025-04-12 06:23:20,0.9842854,405.8779,202.6528,97.72093,43.55957,321.8797,27,49
2025-04-12 06:28:21,0.9879642,407.5669,196.0418,97.56735,43.28395,320.6701,27,49
2025-04-12 06:33:22,0.991789,409.9772,201.2764,96.83147,42.23281,320.2403,27,49
2025-04-12 06:38:23,0.9903137,410.295,198.8105,95.90904,43.73693,320.8829,27,49
2025-04-12 06:43:24,0.9966398,407.9037,195.4776,96.83189,43.57959,321.1598,27,50
2025-04-12 06:48:24,0.994445,408.5208,201.0968,96.62738,44.22553,317.8193,27,50
2025-04-12 06:53:25,1.013022,403.9276,198.9715,97.75096,44.4906,319.627,28,50
2025-04-12 06:58:26,1.001201,411.666,197.5061,97.11921,43.33453,322.214,28,50
2025-04-12 07:03:27,1.003646,405.4192,197.3157,97.77695,44.5564,320.2577,28,50
2025-04-12 07:08:28,0.989255,406.5668,200.3156,97.12064,43.47044,323.159,28,50
2025-04-12 07:13:28,1.012097,404.8679,195.348,97.42393,44.41145,322.2006,28,51
2025-04-12 07:18:29,1.001166,406.5554,196.398,95.45102,43.87424,314.4831,28,51
2025-04-12 07:23:30,0.9807987,412.0035,197.7013,97.62344,43.50625,318.6582,28,51
2025-04-12 07:28:31,1.004763,410.9437,197.33,96.62162,43.659,323.208,28,51
2025-04-12 07:33:32,1.005975,415.7764,196.5697,96.68929,44.12653,323.1763,28,51
2025-04-12 07:38:32,1.00238,402.2509,196.4317,96.61275,43.78651,322.8168,28,51
2025-04-12 07:43:33,0.9975887,407.58,194.4573,97.41045,44.32463,317.677,29,52
2025-04-12 07:48:34,0.9881087,408.2442,197.8775,96.54479,44.09768,324.8242,29,52
2025-04-12 07:53:35,0.9716303,411.252,196.9145,96.76262,43.12351,320.8984,29,52
2025-04-12 07:58:36,0.9916416,403.2996,198.8004,95.61235,44.10098,322.835,29,53
2025-04-12 08:03:36,0.9926378,406.2204,196.1893,98.0068,44.22645,327.8193,30,53
2025-04-12 08:08:37,0.9880949,403.1639,198.062,95.38551,43.50971,310.6968,30,51
2025-04-12 08:13:38,0.9871655,413.4912,198.0718,96.26569,43.17019,318.3624,30,52
2025-04-12 08:18:39,1.026042,409.9623,195.6916,97.33018,43.46687,324.401,30,52
2025-04-12 08:23:40,1.04862,403.2251,200.2991,96.97282,44.18749,322.5035,30,53
2025-04-12 08:28:40,0.9864696,408.9229,198.0586,95.22286,43.60632,321.8844,30,53
2025-04-12 08:33:41,0.9939011,397.7791,199.2092,97.19788,43.4543,311.2425,30,52
2025-04-12 08:38:42,0.9951647,404.1893,199.7961,97.05127,44.36916,318.9624,30,52
2025-04-12 08:43:43,0.9927574,408.1038,196.0084,96.54374,44.12804,323.5952,30,52
2025-04-12 08:48:44,0.9940454,405.9023,201.7032,96.40428,44.46392,317.0685,30,52
2025-04-12 08:53:44,0.9928733,405.5301,196.0501,96.76424,43.87481,324.0661,30,53
2025-04-12 08:58:45,0.9904902,419.2352,196.2507,96.76105,43.82917,313.5186,31,53
2025-04-12 09:03:46,0.9867181,407.5608,200.8416,96.04539,44.43676,320.2915,31,53
2025-04-12 09:08:47,0.9902721,414.9469,197.5077,95.3152,43.61039,318.6755,31,52
2025-04-12 09:13:48,0.9998766,406.2287,198.97,96.54453,44.09676,319.9484,31,52
2025-04-12 09:18:48,0.9917066,418.6212,202.6197,97.26189,43.91935,321.224,31,53
2025-04-12 09:23:49,1.004795,407.574,197.6959,97.48093,43.47352,322.1895,31,53
2025-04-12 09:28:50,0.9915837,412.9868,197.9335,95.62287,40.5926,316.794,31,53
2025-04-12 09:33:51,1.012015,408.262,201.808,98.3691,43.55868,323.4746,32,53
2025-04-12 09:38:52,1.019527,410.4554,196.9553,95.4865,43.96338,324.084,32,52
2025-04-12 09:43:52,1.001222,411.2889,199.9124,95.38386,43.78436,324.1882,31,52
2025-04-12 09:48:53,0.9870493,407.5642,199.5787,96.97463,44.36431,319.3113,32,53
2025-04-12 09:53:54,0.9879166,406.2337,197.5081,95.46737,43.51842,318.3568,32,53
2025-04-12 09:58:55,0.9916679,407.571,197.1059,97.62271,43.69533,320.9289,32,52
2025-04-12 10:03:56,0.9769404,403.252,199.717,96.35076,44.00745,322.1558,32,52
2025-04-12 10:08:56,0.9876379,405.5607,198.61,97.98467,43.87491,320.2204,32,52
2025-04-12 10:13:57,0.9779328,400.092,198.6248,97.70468,43.5604,314.8299,32,53
2025-04-12 10:18:58,0.9952661,407.5691,199.1653,96.76048,43.60771,322.1795,33,52
2025-04-12 10:23:59,0.9993052,404.9241,203.4118,97.32852,44.62736,319.3122,33,52
2025-04-12 10:29:00,0.9918528,410.9138,196.4112,96.54786,42.62631,321.5283,33,53
2025-04-12 10:34:00,0.9904453,407.905,199.5628,97.63139,43.69472,320.2648,33,52
2025-04-12 10:39:01,0.9873097,409.2437,198.6337,95.57017,43.47551,325.7278,33,52
2025-04-12 10:44:02,1.008314,406.2295,198.6166,96.11513,43.60834,317.4662,33,51
2025-04-12 10:49:03,0.9976667,401.6584,195.1588,97.9404,43.53018,318.4211,33,52
2025-04-12 10:54:04,1.001169,405.2894,200.8416,97.28431,43.83104,316.494,34,52
2025-04-12 10:59:04,0.9872433,406.6046,199.7503,96.27429,44.5392,318.0923,34,53
2025-04-12 11:04:05,1.017758,407.57,198.777,97.47387,43.65408,322.1677,35,53
2025-04-12 11:09:06,0.9870613,406.9087,198.2505,97.04619,43.83029,322.8144,35,51
2025-04-12 11:14:07,1.003437,410.2621,198.6162,96.90334,44.77264,318.9892,35,51
2025-04-12 11:19:08,1.011977,408.5629,194.6429,95.49682,44.14384,321.8327,35,48
2025-04-12 11:24:08,1.002365,403.3797,197.8797,96.83208,43.61065,320.2656,35,49
2025-04-12 11:29:09,0.9812502,402.5934,199.5495,95.30563,43.78624,315.4965,35,49
2025-04-12 11:34:10,1.009452,408.5628,196.9717,96.9733,43.65533,321.2289,34,50
2025-04-12 11:39:11,0.9976405,407.5652,197.6849,95.09246,43.96064,318.0295,35,52
2025-04-12 11:44:12,1.010688,408.5439,198.0625,97.68171,43.27072,313.3045,36,51
2025-04-12 11:49:12,0.9874728,410.2311,198.4141,97.24649,43.66099,324.8947,36,50
2025-04-12 11:54:13,1.005866,406.5817,202.4744,96.68942,43.83146,318.7041,36,51
2025-04-12 11:59:14,0.9660343,409.5481,198.4194,96.55163,44.28413,319.0102,37,50
2025-04-12 12:04:15,1.007546,402.768,197.5025,96.83163,44.20329,321.5672,37,49
2025-04-12 12:09:16,0.9940071,405.5538,198.8316,97.12166,44.19008,319.304,37,47
2025-04-12 12:14:16,0.996385,404.2098,198.4377,97.84941,43.96345,320.5911,36,48
2025-04-12 12:19:17,1.012823,412.5039,197.8849,96.69379,43.34231,322.7638,36,47
2025-04-12 12:24:18,1.002334,404.3016,199.3653,96.27245,44.09473,325.8412,36,49
2025-04-12 12:29:19,0.9832311,409.2532,199.5639,96.75973,44.05333,320.9116,37,50
2025-04-12 12:34:20,0.9988293,405.9168,195.836,97.32786,43.00809,321.5228,37,47
2025-04-12 12:39:20,0.9812375,404.2565,196.7828,97.27332,44.54316,320.2713,37,47
2025-04-12 12:44:21,0.998806,406.5771,197.8831,97.04449,44.4043,320.8545,36,47
2025-04-12 12:49:22,1.024901,409.2843,200.3365,95.95761,43.60115,321.5808,36,47
2025-04-12 12:54:23,0.9872019,417.6276,192.449,94.8053,44.09879,320.5735,36,46
2025-04-12 12:57:01,0.9871628,404.2446,197.8892,96.83229,43.90651,320.9226,34,42
